/*
 Navicat Premium Dump SQL

 Source Server         : MySQL
 Source Server Type    : MySQL
 Source Server Version : 80041 (8.0.41)
 Source Host           : localhost:3306
 Source Schema         : cpm_db

 Target Server Type    : MySQL
 Target Server Version : 80041 (8.0.41)
 File Encoding         : 65001

 Date: 09/01/2026 05:13:36
*/

SET NAMES utf8mb4;
SET FOREIGN_KEY_CHECKS = 0;

-- 创建数据库（如果不存在）
CREATE DATABASE IF NOT EXISTS `cpm_db` DEFAULT CHARACTER SET utf8mb4 COLLATE utf8mb4_unicode_ci;

-- 使用 cpm_db 数据库
USE `cpm_db`;

-- ----------------------------
-- Table structure for household
-- ----------------------------
DROP TABLE IF EXISTS `household`;
CREATE TABLE `household`  (
  `id` bigint NOT NULL AUTO_INCREMENT COMMENT '户籍ID',
  `head_id` bigint NULL DEFAULT NULL COMMENT '户主ID（关联resident表）',
  `head_name` varchar(50) CHARACTER SET utf8mb4 COLLATE utf8mb4_unicode_ci NULL DEFAULT NULL COMMENT '户主姓名',
  `head_id_card` varchar(18) CHARACTER SET utf8mb4 COLLATE utf8mb4_unicode_ci NULL DEFAULT NULL COMMENT '户主身份证号',
  `household_no` varchar(50) CHARACTER SET utf8mb4 COLLATE utf8mb4_unicode_ci NULL DEFAULT NULL COMMENT '户籍编号',
  `address` varchar(255) CHARACTER SET utf8mb4 COLLATE utf8mb4_unicode_ci NULL DEFAULT NULL COMMENT '户籍地址',
  `household_type` int NULL DEFAULT 1 COMMENT '户别：1-家庭户, 2-集体户',
  `member_count` int NULL DEFAULT 1 COMMENT '户人数',
  `contact_phone` varchar(20) CHARACTER SET utf8mb4 COLLATE utf8mb4_unicode_ci NULL DEFAULT NULL COMMENT '联系电话',
  `move_in_date` datetime NULL DEFAULT NULL COMMENT '迁入日期',
  `move_out_date` datetime NULL DEFAULT NULL COMMENT '迁出日期',
  `move_in_reason` varchar(255) CHARACTER SET utf8mb4 COLLATE utf8mb4_unicode_ci NULL DEFAULT NULL COMMENT '迁入原因',
  `move_out_reason` varchar(255) CHARACTER SET utf8mb4 COLLATE utf8mb4_unicode_ci NULL DEFAULT NULL COMMENT '迁出原因',
  `status` int NULL DEFAULT 1 COMMENT '状态：0-迁出, 1-正常',
  `remark` varchar(500) CHARACTER SET utf8mb4 COLLATE utf8mb4_unicode_ci NULL DEFAULT NULL COMMENT '备注',
  `create_time` datetime NULL DEFAULT CURRENT_TIMESTAMP COMMENT '创建时间',
  `update_time` datetime NULL DEFAULT CURRENT_TIMESTAMP ON UPDATE CURRENT_TIMESTAMP COMMENT '更新时间',
  `deleted` int NULL DEFAULT 0 COMMENT '逻辑删除：0-未删除, 1-已删除',
  PRIMARY KEY (`id`) USING BTREE,
  UNIQUE INDEX `uk_household_no`(`household_no` ASC) USING BTREE,
  INDEX `idx_head_id`(`head_id` ASC) USING BTREE,
  INDEX `idx_head_id_card`(`head_id_card` ASC) USING BTREE
) ENGINE = InnoDB AUTO_INCREMENT = 201 CHARACTER SET = utf8mb4 COLLATE = utf8mb4_unicode_ci COMMENT = '户籍表' ROW_FORMAT = Dynamic;

-- ----------------------------
-- Records of household
-- ----------------------------
INSERT INTO `household` VALUES (1, 405, '龚敏敏', '110171196802186935', 'HJ100001', '北京市朝阳区第二街道40号', 1, 5, '13800003001', '2022-07-10 00:00:00', NULL, '工作调动', NULL, 1, NULL, '2024-01-02 10:00:00', '2024-01-02 10:00:00', 0);
INSERT INTO `household` VALUES (2, 342, '邹洋强', '110107196307058600', 'HJ100002', '北京市西城区第七街道62号', 2, 3, '13800003002', '2020-01-22 00:00:00', NULL, '其他原因', NULL, 1, NULL, '2024-01-03 10:00:00', '2024-01-03 10:00:00', 0);
INSERT INTO `household` VALUES (3, 218, '梁明', '110113199104060481', 'HJ100003', '北京市朝阳区第四街道18号', 1, 1, '13800003003', '2021-06-18 00:00:00', NULL, '结婚迁入', NULL, 1, NULL, '2024-01-04 10:00:00', '2024-01-04 10:00:00', 0);
INSERT INTO `household` VALUES (4, 189, '段娜辉', '110181195401280590', 'HJ100004', '北京市丰台区第一街道72号', 1, 5, '13800003004', '2020-11-07 00:00:00', NULL, '购房迁入', NULL, 1, NULL, '2024-01-05 10:00:00', '2024-01-05 10:00:00', 0);
INSERT INTO `household` VALUES (5, 288, '邱磊伟', '110132196504186425', 'HJ100005', '北京市朝阳区第六街道29号', 1, 3, '13800003005', '2021-02-10 00:00:00', NULL, '购房迁入', NULL, 1, NULL, '2024-01-06 10:00:00', '2024-01-06 10:00:00', 0);
INSERT INTO `household` VALUES (6, 316, '蒋明静', '110181196905010275', 'HJ100006', '北京市西城区第七街道51号', 1, 4, '13800003006', '2023-04-04 00:00:00', NULL, '结婚迁入', NULL, 1, NULL, '2024-01-07 10:00:00', '2024-01-07 10:00:00', 0);
INSERT INTO `household` VALUES (7, 207, '徐洋', '110139198301080617', 'HJ100007', '北京市西城区第五街道66号', 1, 2, '13800003007', '2021-03-23 00:00:00', NULL, '其他原因', NULL, 1, NULL, '2024-01-08 10:00:00', '2024-01-08 10:00:00', 0);
INSERT INTO `household` VALUES (8, 338, '徐明', '110108197407103669', 'HJ100008', '北京市丰台区第九街道64号', 1, 4, '13800003008', '2021-11-07 00:00:00', NULL, '购房迁入', NULL, 1, NULL, '2024-01-09 10:00:00', '2024-01-09 10:00:00', 0);
INSERT INTO `household` VALUES (9, 436, '邹涛敏', '110174196408160419', 'HJ100009', '北京市朝阳区第三街道98号', 1, 2, '13800003009', '2020-01-14 00:00:00', NULL, '其他原因', NULL, 1, NULL, '2024-01-10 10:00:00', '2024-01-10 10:00:00', 0);
INSERT INTO `household` VALUES (10, 165, '武静静', '110193198509188221', 'HJ100010', '北京市海淀区第二街道100号', 1, 3, '13800003010', '2021-08-24 00:00:00', NULL, '工作调动', NULL, 1, NULL, '2024-01-11 10:00:00', '2024-01-11 10:00:00', 0);
INSERT INTO `household` VALUES (11, 103, '秦超洋', '110107199904013027', 'HJ100011', '北京市西城区第七街道2号', 2, 5, '13800003011', '2023-10-20 00:00:00', NULL, '工作调动', NULL, 1, NULL, '2024-01-12 10:00:00', '2024-01-12 10:00:00', 0);
INSERT INTO `household` VALUES (12, 326, '谢艳', '110184199411255535', 'HJ100012', '北京市西城区第九街道27号', 1, 4, '13800003012', '2021-10-02 00:00:00', NULL, '购房迁入', NULL, 1, NULL, '2024-01-13 10:00:00', '2024-01-13 10:00:00', 0);
INSERT INTO `household` VALUES (13, 7, '方伟', '110190196606130873', 'HJ100013', '北京市丰台区第二街道28号', 1, 4, '13800003013', '2023-01-30 00:00:00', NULL, '购房迁入', NULL, 1, NULL, '2024-01-14 10:00:00', '2024-01-14 10:00:00', 0);
INSERT INTO `household` VALUES (14, 88, '罗丽', '110130197909258432', 'HJ100014', '北京市西城区第九街道70号', 2, 5, '13800003014', '2022-06-02 00:00:00', NULL, '购房迁入', NULL, 1, NULL, '2024-01-15 10:00:00', '2024-01-15 10:00:00', 0);
INSERT INTO `household` VALUES (15, 248, '贺娜超', '110106196011274295', 'HJ100015', '北京市海淀区第二街道64号', 1, 5, '13800003015', '2020-08-10 00:00:00', NULL, '工作调动', NULL, 1, NULL, '2024-01-16 10:00:00', '2024-01-16 10:00:00', 0);
INSERT INTO `household` VALUES (16, 1, '宋刚静', '110183196010138153', 'HJ100016', '北京市丰台区第一街道1号', 1, 4, '13800003016', '2020-08-15 00:00:00', NULL, '购房迁入', NULL, 1, NULL, '2024-01-17 10:00:00', '2024-01-17 10:00:00', 0);
INSERT INTO `household` VALUES (17, 175, '段伟华', '110152199005150890', 'HJ100017', '北京市丰台区第六街道74号', 1, 3, '13800003017', '2020-12-24 00:00:00', NULL, '购房迁入', NULL, 1, NULL, '2024-01-18 10:00:00', '2024-01-18 10:00:00', 0);
INSERT INTO `household` VALUES (18, 386, '韩娜军', '110174197604042507', 'HJ100018', '北京市海淀区第八街道96号', 1, 5, '13800003018', '2022-02-15 00:00:00', NULL, '工作调动', NULL, 1, NULL, '2024-01-19 10:00:00', '2024-01-19 10:00:00', 0);
INSERT INTO `household` VALUES (19, 291, '叶娟', '110133197102169796', 'HJ100019', '北京市西城区第九街道37号', 1, 5, '13800003019', '2021-07-18 00:00:00', NULL, '其他原因', NULL, 1, NULL, '2024-01-20 10:00:00', '2024-01-20 10:00:00', 0);
INSERT INTO `household` VALUES (20, 95, '胡娜', '110163196405056428', 'HJ100020', '北京市东城区第四街道35号', 1, 2, '13800003020', '2022-09-08 00:00:00', NULL, '结婚迁入', NULL, 1, NULL, '2024-01-21 10:00:00', '2024-01-21 10:00:00', 0);
INSERT INTO `household` VALUES (21, 261, '萧英', '110154197009160662', 'HJ100021', '北京市东城区第九街道11号', 1, 3, '13800003021', '2023-11-25 00:00:00', NULL, '结婚迁入', NULL, 1, NULL, '2024-01-22 10:00:00', '2024-01-22 10:00:00', 0);
INSERT INTO `household` VALUES (22, 64, '姚杰', '110149197405211755', 'HJ100022', '北京市西城区第六街道94号', 2, 3, '13800003022', '2020-09-23 00:00:00', NULL, '其他原因', NULL, 1, NULL, '2024-01-23 10:00:00', '2024-01-23 10:00:00', 0);
INSERT INTO `household` VALUES (23, 139, '武艳', '110163198404209914', 'HJ100023', '北京市东城区第四街道68号', 1, 5, '13800003023', '2021-09-20 00:00:00', NULL, '结婚迁入', NULL, 1, NULL, '2024-01-24 10:00:00', '2024-01-24 10:00:00', 0);
INSERT INTO `household` VALUES (24, 147, '潘杰芳', '110149200208086050', 'HJ100024', '北京市西城区第六街道35号', 2, 1, '13800003024', '2020-06-01 00:00:00', NULL, '其他原因', NULL, 1, NULL, '2024-01-25 10:00:00', '2024-01-25 10:00:00', 0);
INSERT INTO `household` VALUES (25, 429, '曹秀', '110152199608132159', 'HJ100025', '北京市海淀区第三街道43号', 1, 1, '13800003025', '2020-11-16 00:00:00', NULL, '其他原因', NULL, 1, NULL, '2024-01-26 10:00:00', '2024-01-26 10:00:00', 0);
INSERT INTO `household` VALUES (26, 57, '薛英勇', '110167199911194019', 'HJ100026', '北京市朝阳区第一街道12号', 1, 2, '13800003026', '2022-05-20 00:00:00', NULL, '购房迁入', NULL, 0, NULL, '2024-01-27 10:00:00', '2024-01-27 10:00:00', 0);
INSERT INTO `household` VALUES (27, 305, '邱建文', '110165199809210433', 'HJ100027', '北京市海淀区第六街道99号', 1, 5, '13800003027', '2022-06-20 00:00:00', NULL, '购房迁入', NULL, 1, NULL, '2024-01-28 10:00:00', '2024-01-28 10:00:00', 0);
INSERT INTO `household` VALUES (28, 350, '李军', '110149199112203536', 'HJ100028', '北京市丰台区第一街道55号', 1, 3, '13800003028', '2023-06-27 00:00:00', NULL, '其他原因', NULL, 1, NULL, '2024-01-29 10:00:00', '2024-01-29 10:00:00', 0);
INSERT INTO `household` VALUES (29, 447, '宋建', '110122196805255087', 'HJ100029', '北京市西城区第七街道88号', 1, 4, '13800003029', '2023-04-22 00:00:00', NULL, '购房迁入', NULL, 1, NULL, '2024-01-30 10:00:00', '2024-01-30 10:00:00', 0);
INSERT INTO `household` VALUES (30, 301, '阎英强', '110169200204149372', 'HJ100030', '北京市西城区第一街道4号', 2, 5, '13800003030', '2022-06-10 00:00:00', NULL, '结婚迁入', NULL, 1, NULL, '2024-01-31 10:00:00', '2024-01-31 10:00:00', 0);
INSERT INTO `household` VALUES (31, 444, '袁芳', '110153197906169531', 'HJ100031', '北京市海淀区第二街道29号', 1, 2, '13800003031', '2021-06-08 00:00:00', NULL, '工作调动', NULL, 1, NULL, '2024-02-01 10:00:00', '2024-02-01 10:00:00', 0);
INSERT INTO `household` VALUES (32, 9, '文敏英', '110160196008145489', 'HJ100032', '北京市西城区第五街道88号', 1, 1, '13800003032', '2023-03-09 00:00:00', NULL, '结婚迁入', NULL, 1, NULL, '2024-02-02 10:00:00', '2024-02-02 10:00:00', 0);
INSERT INTO `household` VALUES (33, 4, '徐勇平', '110173199506231760', 'HJ100033', '北京市海淀区第九街道15号', 1, 2, '13800003033', '2021-08-08 00:00:00', NULL, '工作调动', NULL, 1, NULL, '2024-02-03 10:00:00', '2024-02-03 10:00:00', 0);
INSERT INTO `household` VALUES (34, 60, '邵华建', '110109196612221131', 'HJ100034', '北京市海淀区第七街道82号', 1, 3, '13800003034', '2021-02-20 00:00:00', NULL, '结婚迁入', NULL, 1, NULL, '2024-02-04 10:00:00', '2024-02-04 10:00:00', 0);
INSERT INTO `household` VALUES (35, 411, '马桂', '110171199909285893', 'HJ100035', '北京市东城区第五街道32号', 1, 1, '13800003035', '2020-09-04 00:00:00', NULL, '工作调动', NULL, 1, NULL, '2024-02-05 10:00:00', '2024-02-05 10:00:00', 0);
INSERT INTO `household` VALUES (36, 73, '程文军', '110159199607072036', 'HJ100036', '北京市朝阳区第十街道41号', 1, 5, '13800003036', '2020-12-15 00:00:00', NULL, '购房迁入', NULL, 1, NULL, '2024-02-06 10:00:00', '2024-02-06 10:00:00', 0);
INSERT INTO `household` VALUES (37, 59, '阎秀丽', '110169198107022082', 'HJ100037', '北京市西城区第六街道97号', 1, 1, '13800003037', '2022-09-08 00:00:00', NULL, '工作调动', NULL, 1, NULL, '2024-02-07 10:00:00', '2024-02-07 10:00:00', 0);
INSERT INTO `household` VALUES (38, 326, '谢艳', '110184199411255535', 'HJ100038', '北京市海淀区第八街道69号', 1, 4, '13800003038', '2022-09-11 00:00:00', NULL, '结婚迁入', NULL, 1, NULL, '2024-02-08 10:00:00', '2024-02-08 10:00:00', 0);
INSERT INTO `household` VALUES (39, 145, '魏涛', '110190197310195392', 'HJ100039', '北京市丰台区第五街道48号', 2, 1, '13800003039', '2020-05-07 00:00:00', NULL, '其他原因', NULL, 1, NULL, '2024-02-09 10:00:00', '2024-02-09 10:00:00', 0);
INSERT INTO `household` VALUES (40, 111, '彭平', '110152196406104880', 'HJ100040', '北京市丰台区第九街道32号', 1, 5, '13800003040', '2022-10-27 00:00:00', NULL, '其他原因', NULL, 0, NULL, '2024-02-10 10:00:00', '2024-02-10 10:00:00', 0);
INSERT INTO `household` VALUES (41, 402, '张平', '110166198211192947', 'HJ100041', '北京市西城区第八街道37号', 1, 3, '13800003041', '2021-03-20 00:00:00', NULL, '其他原因', NULL, 1, NULL, '2024-02-11 10:00:00', '2024-02-11 10:00:00', 0);
INSERT INTO `household` VALUES (42, 205, '贾静', '110160199102181380', 'HJ100042', '北京市西城区第七街道5号', 1, 1, '13800003042', '2020-05-06 00:00:00', NULL, '购房迁入', NULL, 1, NULL, '2024-02-12 10:00:00', '2024-02-12 10:00:00', 0);
INSERT INTO `household` VALUES (43, 357, '孔刚', '110129195501257912', 'HJ100043', '北京市朝阳区第九街道12号', 2, 5, '13800003043', '2020-05-09 00:00:00', NULL, '购房迁入', NULL, 1, NULL, '2024-02-13 10:00:00', '2024-02-13 10:00:00', 0);
INSERT INTO `household` VALUES (44, 399, '白秀', '110197198604107919', 'HJ100044', '北京市西城区第六街道47号', 1, 5, '13800003044', '2022-09-11 00:00:00', NULL, '其他原因', NULL, 1, NULL, '2024-02-14 10:00:00', '2024-02-14 10:00:00', 0);
INSERT INTO `household` VALUES (45, 127, '顾强力', '110170196812203676', 'HJ100045', '北京市朝阳区第三街道35号', 1, 2, '13800003045', '2021-03-29 00:00:00', NULL, '其他原因', NULL, 1, NULL, '2024-02-15 10:00:00', '2024-02-15 10:00:00', 0);
INSERT INTO `household` VALUES (46, 195, '郝磊', '110179199208271004', 'HJ100046', '北京市西城区第十街道24号', 1, 3, '13800003046', '2021-08-14 00:00:00', NULL, '结婚迁入', NULL, 1, NULL, '2024-02-16 10:00:00', '2024-02-16 10:00:00', 0);
INSERT INTO `household` VALUES (47, 447, '宋建', '110122196805255087', 'HJ100047', '北京市朝阳区第六街道49号', 1, 2, '13800003047', '2023-12-08 00:00:00', NULL, '工作调动', NULL, 1, NULL, '2024-02-17 10:00:00', '2024-02-17 10:00:00', 0);
INSERT INTO `household` VALUES (48, 294, '沈敏', '110104198503048192', 'HJ100048', '北京市朝阳区第六街道57号', 1, 5, '13800003048', '2022-12-16 00:00:00', NULL, '工作调动', NULL, 1, NULL, '2024-02-18 10:00:00', '2024-02-18 10:00:00', 0);
INSERT INTO `household` VALUES (49, 412, '顾明', '110153197409042994', 'HJ100049', '北京市朝阳区第十街道24号', 1, 2, '13800003049', '2020-04-21 00:00:00', NULL, '其他原因', NULL, 1, NULL, '2024-02-19 10:00:00', '2024-02-19 10:00:00', 0);
INSERT INTO `household` VALUES (50, 341, '萧强', '110198195110252520', 'HJ100050', '北京市丰台区第八街道56号', 1, 4, '13800003050', '2020-05-29 00:00:00', NULL, '工作调动', NULL, 1, NULL, '2024-02-20 10:00:00', '2024-02-20 10:00:00', 0);
INSERT INTO `household` VALUES (51, 68, '郑洋力', '110180195204046695', 'HJ100051', '北京市东城区第九街道18号', 1, 2, '13800003051', '2022-05-16 00:00:00', NULL, '其他原因', NULL, 1, NULL, '2024-02-21 10:00:00', '2024-02-21 10:00:00', 0);
INSERT INTO `household` VALUES (52, 399, '白秀', '110197198604107919', 'HJ100052', '北京市西城区第四街道82号', 1, 1, '13800003052', '2020-02-15 00:00:00', NULL, '结婚迁入', NULL, 1, NULL, '2024-02-22 10:00:00', '2024-02-22 10:00:00', 0);
INSERT INTO `household` VALUES (53, 255, '白艳洋', '110151197102114573', 'HJ100053', '北京市东城区第二街道39号', 1, 2, '13800003053', '2021-06-22 00:00:00', NULL, '购房迁入', NULL, 1, NULL, '2024-02-23 10:00:00', '2024-02-23 10:00:00', 0);
INSERT INTO `household` VALUES (54, 67, '文艳', '110194199210196971', 'HJ100054', '北京市海淀区第四街道85号', 2, 5, '13800003054', '2023-12-13 00:00:00', NULL, '工作调动', NULL, 1, NULL, '2024-02-24 10:00:00', '2024-02-24 10:00:00', 0);
INSERT INTO `household` VALUES (55, 52, '袁英辉', '110189196207041182', 'HJ100055', '北京市海淀区第六街道52号', 1, 3, '13800003055', '2020-04-05 00:00:00', NULL, '购房迁入', NULL, 1, NULL, '2024-02-25 10:00:00', '2024-02-25 10:00:00', 0);
INSERT INTO `household` VALUES (56, 141, '尹建', '110146198406101975', 'HJ100056', '北京市西城区第一街道26号', 1, 3, '13800003056', '2023-05-03 00:00:00', NULL, '结婚迁入', NULL, 1, NULL, '2024-02-26 10:00:00', '2024-02-26 10:00:00', 0);
INSERT INTO `household` VALUES (57, 423, '胡明', '110117198512234270', 'HJ100057', '北京市朝阳区第四街道63号', 2, 4, '13800003057', '2022-12-25 00:00:00', NULL, '购房迁入', NULL, 1, NULL, '2024-02-27 10:00:00', '2024-02-27 10:00:00', 0);
INSERT INTO `household` VALUES (58, 362, '石丽', '110180198405063659', 'HJ100058', '北京市朝阳区第一街道20号', 1, 4, '13800003058', '2022-03-31 00:00:00', NULL, '其他原因', NULL, 1, NULL, '2024-02-28 10:00:00', '2024-02-28 10:00:00', 0);
INSERT INTO `household` VALUES (59, 352, '蔡磊静', '110134195512133699', 'HJ100059', '北京市西城区第七街道39号', 2, 5, '13800003059', '2022-01-01 00:00:00', NULL, '购房迁入', NULL, 1, NULL, '2024-02-29 10:00:00', '2024-02-29 10:00:00', 0);
INSERT INTO `household` VALUES (60, 327, '万勇', '110176198509234176', 'HJ100060', '北京市海淀区第八街道61号', 1, 1, '13800003060', '2023-12-02 00:00:00', NULL, '结婚迁入', NULL, 1, NULL, '2024-03-01 10:00:00', '2024-03-01 10:00:00', 0);
INSERT INTO `household` VALUES (61, 18, '侯建丽', '110116198110098167', 'HJ100061', '北京市海淀区第三街道57号', 1, 2, '13800003061', '2021-02-03 00:00:00', NULL, '购房迁入', NULL, 1, NULL, '2024-03-02 10:00:00', '2024-03-02 10:00:00', 0);
INSERT INTO `household` VALUES (62, 274, '黎英', '110103196612281255', 'HJ100062', '北京市朝阳区第十街道30号', 1, 2, '13800003062', '2022-04-05 00:00:00', NULL, '其他原因', NULL, 1, NULL, '2024-03-03 10:00:00', '2024-03-03 10:00:00', 0);
INSERT INTO `household` VALUES (63, 59, '阎秀丽', '110169198107022082', 'HJ100063', '北京市东城区第一街道7号', 1, 1, '13800003063', '2023-02-21 00:00:00', NULL, '结婚迁入', NULL, 1, NULL, '2024-03-04 10:00:00', '2024-03-04 10:00:00', 0);
INSERT INTO `household` VALUES (64, 43, '姜明丽', '110116195608233218', 'HJ100064', '北京市东城区第六街道43号', 1, 1, '13800003064', '2021-02-17 00:00:00', NULL, '工作调动', NULL, 1, NULL, '2024-03-05 10:00:00', '2024-03-05 10:00:00', 0);
INSERT INTO `household` VALUES (65, 103, '秦超洋', '110107199904013027', 'HJ100065', '北京市朝阳区第六街道56号', 1, 1, '13800003065', '2021-01-10 00:00:00', NULL, '购房迁入', NULL, 1, NULL, '2024-03-06 10:00:00', '2024-03-06 10:00:00', 0);
INSERT INTO `household` VALUES (66, 255, '白艳洋', '110151197102114573', 'HJ100066', '北京市西城区第二街道27号', 1, 4, '13800003066', '2022-09-13 00:00:00', NULL, '购房迁入', NULL, 1, NULL, '2024-03-07 10:00:00', '2024-03-07 10:00:00', 0);
INSERT INTO `household` VALUES (67, 447, '宋建', '110122196805255087', 'HJ100067', '北京市西城区第一街道23号', 1, 5, '13800003067', '2023-07-12 00:00:00', NULL, '其他原因', NULL, 1, NULL, '2024-03-08 10:00:00', '2024-03-08 10:00:00', 0);
INSERT INTO `household` VALUES (68, 280, '卢艳娜', '110115196710250682', 'HJ100068', '北京市西城区第七街道82号', 2, 5, '13800003068', '2022-06-19 00:00:00', NULL, '其他原因', NULL, 1, NULL, '2024-03-09 10:00:00', '2024-03-09 10:00:00', 0);
INSERT INTO `household` VALUES (69, 116, '黎杰洋', '110105200001129563', 'HJ100069', '北京市西城区第五街道82号', 1, 3, '13800003069', '2023-09-26 00:00:00', NULL, '其他原因', NULL, 1, NULL, '2024-03-10 10:00:00', '2024-03-10 10:00:00', 0);
INSERT INTO `household` VALUES (70, 393, '常力', '110150197706221529', 'HJ100070', '北京市朝阳区第八街道48号', 1, 3, '13800003070', '2023-02-09 00:00:00', NULL, '工作调动', NULL, 1, NULL, '2024-03-11 10:00:00', '2024-03-11 10:00:00', 0);
INSERT INTO `household` VALUES (71, 126, '郭英强', '110168199308202830', 'HJ100071', '北京市丰台区第九街道27号', 1, 4, '13800003071', '2022-02-13 00:00:00', NULL, '工作调动', NULL, 1, NULL, '2024-03-12 10:00:00', '2024-03-12 10:00:00', 0);
INSERT INTO `household` VALUES (72, 163, '毛文', '110197200201125586', 'HJ100072', '北京市西城区第二街道57号', 1, 4, '13800003072', '2023-03-23 00:00:00', NULL, '结婚迁入', NULL, 1, NULL, '2024-03-13 10:00:00', '2024-03-13 10:00:00', 0);
INSERT INTO `household` VALUES (73, 56, '阎明', '110118199510216679', 'HJ100073', '北京市西城区第九街道14号', 1, 2, '13800003073', '2020-05-05 00:00:00', NULL, '工作调动', NULL, 1, NULL, '2024-03-14 10:00:00', '2024-03-14 10:00:00', 0);
INSERT INTO `household` VALUES (74, 149, '韩文丽', '110132199601204941', 'HJ100074', '北京市西城区第十街道13号', 1, 1, '13800003074', '2020-03-28 00:00:00', NULL, '工作调动', NULL, 1, NULL, '2024-03-15 10:00:00', '2024-03-15 10:00:00', 0);
INSERT INTO `household` VALUES (75, 196, '贾伟英', '110188197007149190', 'HJ100075', '北京市朝阳区第一街道12号', 1, 3, '13800003075', '2020-09-08 00:00:00', NULL, '工作调动', NULL, 1, NULL, '2024-03-16 10:00:00', '2024-03-16 10:00:00', 0);
INSERT INTO `household` VALUES (76, 345, '郝强', '110195197104052840', 'HJ100076', '北京市东城区第九街道58号', 1, 1, '13800003076', '2020-04-03 00:00:00', NULL, '结婚迁入', NULL, 1, NULL, '2024-03-17 10:00:00', '2024-03-17 10:00:00', 0);
INSERT INTO `household` VALUES (77, 299, '苏艳英', '110179198711144275', 'HJ100077', '北京市朝阳区第八街道41号', 1, 2, '13800003077', '2022-10-15 00:00:00', NULL, '其他原因', NULL, 1, NULL, '2024-03-18 10:00:00', '2024-03-18 10:00:00', 0);
INSERT INTO `household` VALUES (78, 349, '蒋英明', '110116199604017430', 'HJ100078', '北京市西城区第四街道14号', 1, 4, '13800003078', '2023-04-05 00:00:00', NULL, '其他原因', NULL, 1, NULL, '2024-03-19 10:00:00', '2024-03-19 10:00:00', 0);
INSERT INTO `household` VALUES (79, 281, '谭杰', '110154195402052145', 'HJ100079', '北京市东城区第二街道91号', 2, 4, '13800003079', '2021-04-10 00:00:00', NULL, '购房迁入', NULL, 1, NULL, '2024-03-20 10:00:00', '2024-03-20 10:00:00', 0);
INSERT INTO `household` VALUES (80, 69, '雷军超', '110123198302200150', 'HJ100080', '北京市丰台区第九街道61号', 1, 5, '13800003080', '2022-01-04 00:00:00', NULL, '其他原因', NULL, 1, NULL, '2024-03-21 10:00:00', '2024-03-21 10:00:00', 0);
INSERT INTO `household` VALUES (81, 379, '龙敏', '110101197101019670', 'HJ100081', '北京市东城区第五街道70号', 1, 1, '13800003081', '2020-04-18 00:00:00', NULL, '工作调动', NULL, 1, NULL, '2024-03-22 10:00:00', '2024-03-22 10:00:00', 0);
INSERT INTO `household` VALUES (82, 54, '陆军', '110127199904174867', 'HJ100082', '北京市朝阳区第四街道55号', 1, 5, '13800003082', '2021-05-09 00:00:00', NULL, '结婚迁入', NULL, 1, NULL, '2024-03-23 10:00:00', '2024-03-23 10:00:00', 0);
INSERT INTO `household` VALUES (83, 188, '马华超', '110188199804274987', 'HJ100083', '北京市丰台区第二街道14号', 1, 3, '13800003083', '2021-06-30 00:00:00', NULL, '购房迁入', NULL, 1, NULL, '2024-03-24 10:00:00', '2024-03-24 10:00:00', 0);
INSERT INTO `household` VALUES (84, 155, '吴华', '110189197807094862', 'HJ100084', '北京市东城区第八街道38号', 1, 2, '13800003084', '2022-06-27 00:00:00', NULL, '结婚迁入', NULL, 1, NULL, '2024-03-25 10:00:00', '2024-03-25 10:00:00', 0);
INSERT INTO `household` VALUES (85, 305, '邱建文', '110165199809210433', 'HJ100085', '北京市东城区第一街道32号', 1, 3, '13800003085', '2023-01-04 00:00:00', NULL, '工作调动', NULL, 1, NULL, '2024-03-26 10:00:00', '2024-03-26 10:00:00', 0);
INSERT INTO `household` VALUES (86, 357, '孔刚', '110129195501257912', 'HJ100086', '北京市丰台区第十街道12号', 1, 3, '13800003086', '2020-03-10 00:00:00', NULL, '工作调动', NULL, 1, NULL, '2024-03-27 10:00:00', '2024-03-27 10:00:00', 0);
INSERT INTO `household` VALUES (87, 280, '卢艳娜', '110115196710250682', 'HJ100087', '北京市朝阳区第三街道34号', 1, 1, '13800003087', '2020-03-10 00:00:00', NULL, '结婚迁入', NULL, 1, NULL, '2024-03-28 10:00:00', '2024-03-28 10:00:00', 0);
INSERT INTO `household` VALUES (88, 336, '白勇超', '110190195411104964', 'HJ100088', '北京市海淀区第八街道33号', 1, 2, '13800003088', '2022-08-12 00:00:00', NULL, '工作调动', NULL, 1, NULL, '2024-03-29 10:00:00', '2024-03-29 10:00:00', 0);
INSERT INTO `household` VALUES (89, 274, '黎英', '110103196612281255', 'HJ100089', '北京市西城区第七街道92号', 1, 5, '13800003089', '2023-11-17 00:00:00', NULL, '结婚迁入', NULL, 1, NULL, '2024-03-30 10:00:00', '2024-03-30 10:00:00', 0);
INSERT INTO `household` VALUES (90, 378, '孟建强', '110156196607242441', 'HJ100090', '北京市海淀区第十街道94号', 1, 1, '13800003090', '2021-04-13 00:00:00', NULL, '其他原因', NULL, 1, NULL, '2024-03-31 10:00:00', '2024-03-31 10:00:00', 0);
INSERT INTO `household` VALUES (91, 173, '易勇', '110190198011267080', 'HJ100091', '北京市丰台区第六街道92号', 1, 5, '13800003091', '2023-11-02 00:00:00', NULL, '其他原因', NULL, 1, NULL, '2024-04-01 10:00:00', '2024-04-01 10:00:00', 0);
INSERT INTO `household` VALUES (92, 18, '侯建丽', '110116198110098167', 'HJ100092', '北京市丰台区第四街道23号', 1, 2, '13800003092', '2020-09-06 00:00:00', NULL, '购房迁入', NULL, 1, NULL, '2024-04-02 10:00:00', '2024-04-02 10:00:00', 0);
INSERT INTO `household` VALUES (93, 227, '余静', '110157198011189617', 'HJ100093', '北京市海淀区第十街道69号', 1, 3, '13800003093', '2021-09-01 00:00:00', NULL, '购房迁入', NULL, 1, NULL, '2024-04-03 10:00:00', '2024-04-03 10:00:00', 0);
INSERT INTO `household` VALUES (94, 371, '梁超', '110126197110274551', 'HJ100094', '北京市东城区第七街道57号', 1, 1, '13800003094', '2023-03-19 00:00:00', NULL, '结婚迁入', NULL, 0, NULL, '2024-04-04 10:00:00', '2024-04-04 10:00:00', 0);
INSERT INTO `household` VALUES (95, 55, '萧丽', '110155200006179824', 'HJ100095', '北京市东城区第三街道1号', 1, 4, '13800003095', '2021-08-18 00:00:00', NULL, '结婚迁入', NULL, 1, NULL, '2024-04-05 10:00:00', '2024-04-05 10:00:00', 0);
INSERT INTO `household` VALUES (96, 170, '郑军超', '110196198806089802', 'HJ100096', '北京市丰台区第四街道11号', 1, 5, '13800003096', '2022-01-14 00:00:00', NULL, '结婚迁入', NULL, 1, NULL, '2024-04-06 10:00:00', '2024-04-06 10:00:00', 0);
INSERT INTO `household` VALUES (97, 403, '金英', '110167198510076105', 'HJ100097', '北京市丰台区第五街道76号', 1, 5, '13800003097', '2022-05-16 00:00:00', NULL, '工作调动', NULL, 1, NULL, '2024-04-07 10:00:00', '2024-04-07 10:00:00', 0);
INSERT INTO `household` VALUES (98, 437, '任磊军', '110137198002279882', 'HJ100098', '北京市海淀区第五街道57号', 1, 2, '13800003098', '2021-07-26 00:00:00', NULL, '其他原因', NULL, 1, NULL, '2024-04-08 10:00:00', '2024-04-08 10:00:00', 0);
INSERT INTO `household` VALUES (99, 436, '邹涛敏', '110174196408160419', 'HJ100099', '北京市西城区第五街道79号', 1, 4, '13800003099', '2021-06-27 00:00:00', NULL, '结婚迁入', NULL, 1, NULL, '2024-04-09 10:00:00', '2024-04-09 10:00:00', 0);
INSERT INTO `household` VALUES (100, 306, '叶伟静', '110165195302120208', 'HJ100100', '北京市海淀区第二街道23号', 1, 1, '13800003100', '2021-10-21 00:00:00', NULL, '其他原因', NULL, 1, NULL, '2024-04-10 10:00:00', '2024-04-10 10:00:00', 0);
INSERT INTO `household` VALUES (101, 73, '程文军', '110159199607072036', 'HJ100101', '北京市西城区第一街道63号', 2, 3, '13800003101', '2023-10-27 00:00:00', NULL, '结婚迁入', NULL, 1, NULL, '2024-04-11 10:00:00', '2024-04-11 10:00:00', 0);
INSERT INTO `household` VALUES (102, 211, '武伟', '110182195902083218', 'HJ100102', '北京市西城区第五街道61号', 1, 2, '13800003102', '2021-07-10 00:00:00', NULL, '其他原因', NULL, 1, NULL, '2024-04-12 10:00:00', '2024-04-12 10:00:00', 0);
INSERT INTO `household` VALUES (103, 133, '任涛涛', '110118199604018254', 'HJ100103', '北京市朝阳区第十街道35号', 1, 1, '13800003103', '2020-01-14 00:00:00', NULL, '结婚迁入', NULL, 1, NULL, '2024-04-13 10:00:00', '2024-04-13 10:00:00', 0);
INSERT INTO `household` VALUES (104, 134, '尹文涛', '110115197606260059', 'HJ100104', '北京市海淀区第十街道51号', 1, 3, '13800003104', '2022-12-26 00:00:00', NULL, '工作调动', NULL, 1, NULL, '2024-04-14 10:00:00', '2024-04-14 10:00:00', 0);
INSERT INTO `household` VALUES (105, 448, '程强', '110179196801127007', 'HJ100105', '北京市东城区第八街道41号', 1, 1, '13800003105', '2022-03-25 00:00:00', NULL, '其他原因', NULL, 1, NULL, '2024-04-15 10:00:00', '2024-04-15 10:00:00', 0);
INSERT INTO `household` VALUES (106, 300, '蔡超军', '110157199405161938', 'HJ100106', '北京市西城区第一街道20号', 1, 5, '13800003106', '2022-12-25 00:00:00', NULL, '其他原因', NULL, 1, NULL, '2024-04-16 10:00:00', '2024-04-16 10:00:00', 0);
INSERT INTO `household` VALUES (107, 167, '王芳', '110134198804079980', 'HJ100107', '北京市西城区第九街道52号', 2, 3, '13800003107', '2021-04-21 00:00:00', NULL, '工作调动', NULL, 1, NULL, '2024-04-17 10:00:00', '2024-04-17 10:00:00', 0);
INSERT INTO `household` VALUES (108, 60, '邵华建', '110109196612221131', 'HJ100108', '北京市朝阳区第五街道86号', 1, 4, '13800003108', '2020-07-22 00:00:00', NULL, '其他原因', NULL, 1, NULL, '2024-04-18 10:00:00', '2024-04-18 10:00:00', 0);
INSERT INTO `household` VALUES (109, 434, '毛力明', '110181196704090919', 'HJ100109', '北京市海淀区第二街道29号', 1, 3, '13800003109', '2023-10-13 00:00:00', NULL, '工作调动', NULL, 1, NULL, '2024-04-19 10:00:00', '2024-04-19 10:00:00', 0);
INSERT INTO `household` VALUES (110, 422, '方秀', '110150200012095631', 'HJ100110', '北京市海淀区第二街道44号', 1, 5, '13800003110', '2023-05-04 00:00:00', NULL, '购房迁入', NULL, 1, NULL, '2024-04-20 10:00:00', '2024-04-20 10:00:00', 0);
INSERT INTO `household` VALUES (111, 428, '段桂', '110104198609129341', 'HJ100111', '北京市东城区第十街道50号', 1, 4, '13800003111', '2020-09-09 00:00:00', NULL, '结婚迁入', NULL, 0, NULL, '2024-04-21 10:00:00', '2024-04-21 10:00:00', 0);
INSERT INTO `household` VALUES (112, 182, '常伟', '110130198903285075', 'HJ100112', '北京市丰台区第三街道66号', 1, 2, '13800003112', '2020-05-23 00:00:00', NULL, '其他原因', NULL, 1, NULL, '2024-04-22 10:00:00', '2024-04-22 10:00:00', 0);
INSERT INTO `household` VALUES (113, 143, '梁桂', '110176195006071446', 'HJ100113', '北京市朝阳区第四街道61号', 1, 5, '13800003113', '2023-04-01 00:00:00', NULL, '其他原因', NULL, 1, NULL, '2024-04-23 10:00:00', '2024-04-23 10:00:00', 0);
INSERT INTO `household` VALUES (114, 317, '侯英娟', '110105199308012291', 'HJ100114', '北京市丰台区第十街道24号', 1, 2, '13800003114', '2023-06-13 00:00:00', NULL, '其他原因', NULL, 1, NULL, '2024-04-24 10:00:00', '2024-04-24 10:00:00', 0);
INSERT INTO `household` VALUES (115, 288, '邱磊伟', '110132196504186425', 'HJ100115', '北京市海淀区第八街道76号', 1, 3, '13800003115', '2021-08-17 00:00:00', NULL, '其他原因', NULL, 1, NULL, '2024-04-25 10:00:00', '2024-04-25 10:00:00', 0);
INSERT INTO `household` VALUES (116, 43, '姜明丽', '110116195608233218', 'HJ100116', '北京市东城区第四街道49号', 1, 4, '13800003116', '2022-07-17 00:00:00', NULL, '工作调动', NULL, 1, NULL, '2024-04-26 10:00:00', '2024-04-26 10:00:00', 0);
INSERT INTO `household` VALUES (117, 304, '魏强洋', '110151200306177203', 'HJ100117', '北京市海淀区第八街道78号', 1, 3, '13800003117', '2021-07-28 00:00:00', NULL, '结婚迁入', NULL, 1, NULL, '2024-04-27 10:00:00', '2024-04-27 10:00:00', 0);
INSERT INTO `household` VALUES (118, 308, '于军刚', '110113195702033743', 'HJ100118', '北京市东城区第二街道97号', 1, 3, '13800003118', '2022-07-22 00:00:00', NULL, '结婚迁入', NULL, 1, NULL, '2024-04-28 10:00:00', '2024-04-28 10:00:00', 0);
INSERT INTO `household` VALUES (119, 67, '文艳', '110194199210196971', 'HJ100119', '北京市东城区第四街道49号', 1, 2, '13800003119', '2023-01-18 00:00:00', NULL, '工作调动', NULL, 1, NULL, '2024-04-29 10:00:00', '2024-04-29 10:00:00', 0);
INSERT INTO `household` VALUES (120, 431, '易刚力', '110153199710114889', 'HJ100120', '北京市朝阳区第九街道94号', 2, 2, '13800003120', '2022-06-25 00:00:00', NULL, '结婚迁入', NULL, 1, NULL, '2024-04-30 10:00:00', '2024-04-30 10:00:00', 0);
INSERT INTO `household` VALUES (121, 241, '张力杰', '110176195404107440', 'HJ100121', '北京市丰台区第四街道96号', 1, 2, '13800003121', '2020-11-06 00:00:00', NULL, '购房迁入', NULL, 1, NULL, '2024-05-01 10:00:00', '2024-05-01 10:00:00', 0);
INSERT INTO `household` VALUES (122, 79, '贾华', '110159196304261711', 'HJ100122', '北京市西城区第五街道24号', 1, 4, '13800003122', '2022-10-17 00:00:00', NULL, '工作调动', NULL, 1, NULL, '2024-05-02 10:00:00', '2024-05-02 10:00:00', 0);
INSERT INTO `household` VALUES (123, 311, '田涛娟', '110196198308053594', 'HJ100123', '北京市海淀区第十街道28号', 1, 2, '13800003123', '2021-08-13 00:00:00', NULL, '其他原因', NULL, 0, NULL, '2024-05-03 10:00:00', '2024-05-03 10:00:00', 0);
INSERT INTO `household` VALUES (124, 422, '方秀', '110150200012095631', 'HJ100124', '北京市海淀区第八街道94号', 1, 5, '13800003124', '2022-06-10 00:00:00', NULL, '购房迁入', NULL, 1, NULL, '2024-05-04 10:00:00', '2024-05-04 10:00:00', 0);
INSERT INTO `household` VALUES (125, 260, '陆平', '110143199701209648', 'HJ100125', '北京市西城区第七街道63号', 1, 4, '13800003125', '2021-10-03 00:00:00', NULL, '结婚迁入', NULL, 1, NULL, '2024-05-05 10:00:00', '2024-05-05 10:00:00', 0);
INSERT INTO `household` VALUES (126, 117, '傅杰', '110150195107185957', 'HJ100126', '北京市东城区第四街道84号', 1, 2, '13800003126', '2022-10-18 00:00:00', NULL, '其他原因', NULL, 1, NULL, '2024-05-06 10:00:00', '2024-05-06 10:00:00', 0);
INSERT INTO `household` VALUES (127, 222, '武强', '110146196406102494', 'HJ100127', '北京市西城区第一街道53号', 1, 3, '13800003127', '2022-01-11 00:00:00', NULL, '工作调动', NULL, 1, NULL, '2024-05-07 10:00:00', '2024-05-07 10:00:00', 0);
INSERT INTO `household` VALUES (128, 239, '石明杰', '110123195009200251', 'HJ100128', '北京市朝阳区第八街道69号', 2, 3, '13800003128', '2022-12-26 00:00:00', NULL, '购房迁入', NULL, 1, NULL, '2024-05-08 10:00:00', '2024-05-08 10:00:00', 0);
INSERT INTO `household` VALUES (129, 82, '赖涛杰', '110175197005224281', 'HJ100129', '北京市丰台区第八街道30号', 1, 5, '13800003129', '2023-09-20 00:00:00', NULL, '购房迁入', NULL, 0, NULL, '2024-05-09 10:00:00', '2024-05-09 10:00:00', 0);
INSERT INTO `household` VALUES (130, 177, '顾华', '110151199511231007', 'HJ100130', '北京市朝阳区第三街道20号', 2, 5, '13800003130', '2023-04-09 00:00:00', NULL, '其他原因', NULL, 1, NULL, '2024-05-10 10:00:00', '2024-05-10 10:00:00', 0);
INSERT INTO `household` VALUES (131, 113, '罗娟秀', '110182196109280591', 'HJ100131', '北京市东城区第八街道84号', 1, 3, '13800003131', '2020-06-20 00:00:00', NULL, '工作调动', NULL, 1, NULL, '2024-05-11 10:00:00', '2024-05-11 10:00:00', 0);
INSERT INTO `household` VALUES (132, 386, '韩娜军', '110174197604042507', 'HJ100132', '北京市海淀区第七街道37号', 1, 4, '13800003132', '2022-12-21 00:00:00', NULL, '购房迁入', NULL, 1, NULL, '2024-05-12 10:00:00', '2024-05-12 10:00:00', 0);
INSERT INTO `household` VALUES (133, 332, '方秀', '110186200409238354', 'HJ100133', '北京市海淀区第二街道85号', 1, 4, '13800003133', '2023-04-09 00:00:00', NULL, '其他原因', NULL, 1, NULL, '2024-05-13 10:00:00', '2024-05-13 10:00:00', 0);
INSERT INTO `household` VALUES (134, 270, '贺丽', '110193197905133395', 'HJ100134', '北京市朝阳区第七街道82号', 1, 4, '13800003134', '2023-06-19 00:00:00', NULL, '购房迁入', NULL, 1, NULL, '2024-05-14 10:00:00', '2024-05-14 10:00:00', 0);
INSERT INTO `household` VALUES (135, 168, '陆华', '110198199403143592', 'HJ100135', '北京市东城区第三街道45号', 1, 2, '13800003135', '2022-07-08 00:00:00', NULL, '其他原因', NULL, 1, NULL, '2024-05-15 10:00:00', '2024-05-15 10:00:00', 0);
INSERT INTO `household` VALUES (136, 158, '林敏', '110117195611052795', 'HJ100136', '北京市丰台区第一街道98号', 1, 1, '13800003136', '2021-08-29 00:00:00', NULL, '结婚迁入', NULL, 1, NULL, '2024-05-16 10:00:00', '2024-05-16 10:00:00', 0);
INSERT INTO `household` VALUES (137, 420, '傅文华', '110116196005143626', 'HJ100137', '北京市丰台区第一街道38号', 1, 2, '13800003137', '2022-04-02 00:00:00', NULL, '结婚迁入', NULL, 1, NULL, '2024-05-17 10:00:00', '2024-05-17 10:00:00', 0);
INSERT INTO `household` VALUES (138, 20, '史静', '110185199810075402', 'HJ100138', '北京市东城区第三街道20号', 1, 4, '13800003138', '2021-06-11 00:00:00', NULL, '结婚迁入', NULL, 1, NULL, '2024-05-18 10:00:00', '2024-05-18 10:00:00', 0);
INSERT INTO `household` VALUES (139, 313, '万华建', '110107195209130285', 'HJ100139', '北京市海淀区第六街道86号', 1, 2, '13800003139', '2022-09-26 00:00:00', NULL, '其他原因', NULL, 1, NULL, '2024-05-19 10:00:00', '2024-05-19 10:00:00', 0);
INSERT INTO `household` VALUES (140, 292, '魏娜', '110151198803014044', 'HJ100140', '北京市西城区第一街道37号', 1, 3, '13800003140', '2022-02-25 00:00:00', NULL, '结婚迁入', NULL, 1, NULL, '2024-05-20 10:00:00', '2024-05-20 10:00:00', 0);
INSERT INTO `household` VALUES (141, 137, '白力秀', '110133198101205052', 'HJ100141', '北京市西城区第二街道73号', 2, 5, '13800003141', '2023-07-17 00:00:00', NULL, '结婚迁入', NULL, 1, NULL, '2024-05-21 10:00:00', '2024-05-21 10:00:00', 0);
INSERT INTO `household` VALUES (142, 122, '廖明强', '110114195603224069', 'HJ100142', '北京市丰台区第三街道76号', 2, 1, '13800003142', '2020-08-08 00:00:00', NULL, '购房迁入', NULL, 1, NULL, '2024-05-22 10:00:00', '2024-05-22 10:00:00', 0);
INSERT INTO `household` VALUES (143, 316, '蒋明静', '110181196905010275', 'HJ100143', '北京市东城区第五街道99号', 1, 2, '13800003143', '2022-03-17 00:00:00', NULL, '结婚迁入', NULL, 1, NULL, '2024-05-23 10:00:00', '2024-05-23 10:00:00', 0);
INSERT INTO `household` VALUES (144, 320, '徐英辉', '110119200110036249', 'HJ100144', '北京市西城区第八街道90号', 1, 5, '13800003144', '2022-05-10 00:00:00', NULL, '购房迁入', NULL, 1, NULL, '2024-05-24 10:00:00', '2024-05-24 10:00:00', 0);
INSERT INTO `household` VALUES (145, 426, '侯秀力', '110116197310206478', 'HJ100145', '北京市东城区第一街道74号', 1, 1, '13800003145', '2022-03-23 00:00:00', NULL, '结婚迁入', NULL, 1, NULL, '2024-05-25 10:00:00', '2024-05-25 10:00:00', 0);
INSERT INTO `household` VALUES (146, 248, '贺娜超', '110106196011274295', 'HJ100146', '北京市朝阳区第五街道2号', 1, 1, '13800003146', '2023-12-10 00:00:00', NULL, '购房迁入', NULL, 1, NULL, '2024-05-26 10:00:00', '2024-05-26 10:00:00', 0);
INSERT INTO `household` VALUES (147, 259, '魏洋', '110151199611230799', 'HJ100147', '北京市丰台区第一街道33号', 1, 3, '13800003147', '2021-04-10 00:00:00', NULL, '购房迁入', NULL, 1, NULL, '2024-05-27 10:00:00', '2024-05-27 10:00:00', 0);
INSERT INTO `household` VALUES (148, 347, '邓辉英', '110125196112012233', 'HJ100148', '北京市海淀区第七街道93号', 1, 1, '13800003148', '2021-07-23 00:00:00', NULL, '购房迁入', NULL, 1, NULL, '2024-05-28 10:00:00', '2024-05-28 10:00:00', 0);
INSERT INTO `household` VALUES (149, 92, '毛涛', '110126196712021380', 'HJ100149', '北京市丰台区第四街道71号', 1, 3, '13800003149', '2022-10-25 00:00:00', NULL, '其他原因', NULL, 1, NULL, '2024-05-29 10:00:00', '2024-05-29 10:00:00', 0);
INSERT INTO `household` VALUES (150, 167, '王芳', '110134198804079980', 'HJ100150', '北京市西城区第五街道65号', 1, 4, '13800003150', '2021-10-10 00:00:00', NULL, '工作调动', NULL, 1, NULL, '2024-05-30 10:00:00', '2024-05-30 10:00:00', 0);
INSERT INTO `household` VALUES (151, 65, '姚英', '110146195312139551', 'HJ100151', '北京市朝阳区第十街道57号', 1, 1, '13800003151', '2022-02-25 00:00:00', NULL, '结婚迁入', NULL, 1, NULL, '2024-05-31 10:00:00', '2024-05-31 10:00:00', 0);
INSERT INTO `household` VALUES (152, 349, '蒋英明', '110116199604017430', 'HJ100152', '北京市丰台区第七街道36号', 1, 4, '13800003152', '2021-04-25 00:00:00', NULL, '购房迁入', NULL, 1, NULL, '2024-06-01 10:00:00', '2024-06-01 10:00:00', 0);
INSERT INTO `household` VALUES (153, 351, '薛芳平', '110174199611034067', 'HJ100153', '北京市西城区第五街道44号', 1, 2, '13800003153', '2023-06-27 00:00:00', NULL, '工作调动', NULL, 1, NULL, '2024-06-02 10:00:00', '2024-06-02 10:00:00', 0);
INSERT INTO `household` VALUES (154, 2, '蒋勇建', '110121198905253732', 'HJ100154', '北京市海淀区第八街道64号', 1, 1, '13800003154', '2020-04-30 00:00:00', NULL, '结婚迁入', NULL, 1, NULL, '2024-06-03 10:00:00', '2024-06-03 10:00:00', 0);
INSERT INTO `household` VALUES (155, 143, '梁桂', '110176195006071446', 'HJ100155', '北京市西城区第六街道10号', 1, 2, '13800003155', '2020-02-08 00:00:00', NULL, '工作调动', NULL, 0, NULL, '2024-06-04 10:00:00', '2024-06-04 10:00:00', 0);
INSERT INTO `household` VALUES (156, 251, '汪超', '110194199402025490', 'HJ100156', '北京市海淀区第二街道85号', 1, 4, '13800003156', '2023-11-01 00:00:00', NULL, '工作调动', NULL, 1, NULL, '2024-06-05 10:00:00', '2024-06-05 10:00:00', 0);
INSERT INTO `household` VALUES (157, 350, '李军', '110149199112203536', 'HJ100157', '北京市海淀区第一街道30号', 1, 1, '13800003157', '2022-01-15 00:00:00', NULL, '工作调动', NULL, 1, NULL, '2024-06-06 10:00:00', '2024-06-06 10:00:00', 0);
INSERT INTO `household` VALUES (158, 419, '赵涛', '110186196712274255', 'HJ100158', '北京市西城区第七街道65号', 1, 5, '13800003158', '2022-01-27 00:00:00', NULL, '结婚迁入', NULL, 1, NULL, '2024-06-07 10:00:00', '2024-06-07 10:00:00', 0);
INSERT INTO `household` VALUES (159, 32, '杨勇静', '110171196203141026', 'HJ100159', '北京市丰台区第一街道66号', 1, 4, '13800003159', '2021-02-06 00:00:00', NULL, '其他原因', NULL, 1, NULL, '2024-06-08 10:00:00', '2024-06-08 10:00:00', 0);
INSERT INTO `household` VALUES (160, 210, '谢力', '110108197208283557', 'HJ100160', '北京市海淀区第四街道86号', 1, 5, '13800003160', '2022-03-18 00:00:00', NULL, '结婚迁入', NULL, 1, NULL, '2024-06-09 10:00:00', '2024-06-09 10:00:00', 0);
INSERT INTO `household` VALUES (161, 120, '陈芳', '110140198804135960', 'HJ100161', '北京市东城区第五街道23号', 1, 3, '13800003161', '2023-02-20 00:00:00', NULL, '结婚迁入', NULL, 1, NULL, '2024-06-10 10:00:00', '2024-06-10 10:00:00', 0);
INSERT INTO `household` VALUES (162, 355, '高杰芳', '110141199905090827', 'HJ100162', '北京市西城区第九街道82号', 1, 4, '13800003162', '2020-11-06 00:00:00', NULL, '结婚迁入', NULL, 1, NULL, '2024-06-11 10:00:00', '2024-06-11 10:00:00', 0);
INSERT INTO `household` VALUES (163, 419, '赵涛', '110186196712274255', 'HJ100163', '北京市朝阳区第六街道72号', 1, 5, '13800003163', '2021-03-13 00:00:00', NULL, '购房迁入', NULL, 1, NULL, '2024-06-12 10:00:00', '2024-06-12 10:00:00', 0);
INSERT INTO `household` VALUES (164, 265, '常力', '110165195403183366', 'HJ100164', '北京市朝阳区第四街道86号', 1, 1, '13800003164', '2023-06-24 00:00:00', NULL, '购房迁入', NULL, 1, NULL, '2024-06-13 10:00:00', '2024-06-13 10:00:00', 0);
INSERT INTO `household` VALUES (165, 180, '薛伟敏', '110144195707065557', 'HJ100165', '北京市东城区第八街道36号', 1, 4, '13800003165', '2020-03-06 00:00:00', NULL, '其他原因', NULL, 1, NULL, '2024-06-14 10:00:00', '2024-06-14 10:00:00', 0);
INSERT INTO `household` VALUES (166, 393, '常力', '110150197706221529', 'HJ100166', '北京市朝阳区第八街道53号', 1, 2, '13800003166', '2021-05-05 00:00:00', NULL, '工作调动', NULL, 1, NULL, '2024-06-15 10:00:00', '2024-06-15 10:00:00', 0);
INSERT INTO `household` VALUES (167, 331, '唐芳杰', '110123200108128554', 'HJ100167', '北京市西城区第八街道78号', 1, 3, '13800003167', '2020-12-11 00:00:00', NULL, '结婚迁入', NULL, 1, NULL, '2024-06-16 10:00:00', '2024-06-16 10:00:00', 0);
INSERT INTO `household` VALUES (168, 428, '段桂', '110104198609129341', 'HJ100168', '北京市丰台区第二街道55号', 1, 3, '13800003168', '2020-10-27 00:00:00', NULL, '工作调动', NULL, 1, NULL, '2024-06-17 10:00:00', '2024-06-17 10:00:00', 0);
INSERT INTO `household` VALUES (169, 309, '丁秀刚', '110115196402206888', 'HJ100169', '北京市海淀区第三街道35号', 2, 2, '13800003169', '2021-01-14 00:00:00', NULL, '购房迁入', NULL, 1, NULL, '2024-06-18 10:00:00', '2024-06-18 10:00:00', 0);
INSERT INTO `household` VALUES (170, 177, '顾华', '110151199511231007', 'HJ100170', '北京市丰台区第七街道46号', 1, 5, '13800003170', '2021-10-11 00:00:00', NULL, '购房迁入', NULL, 1, NULL, '2024-06-19 10:00:00', '2024-06-19 10:00:00', 0);
INSERT INTO `household` VALUES (171, 190, '程华文', '110158196412035709', 'HJ100171', '北京市朝阳区第五街道76号', 1, 1, '13800003171', '2023-09-22 00:00:00', NULL, '结婚迁入', NULL, 1, NULL, '2024-06-20 10:00:00', '2024-06-20 10:00:00', 0);
INSERT INTO `household` VALUES (172, 85, '黄超丽', '110197200203035075', 'HJ100172', '北京市海淀区第四街道80号', 1, 3, '13800003172', '2022-04-14 00:00:00', NULL, '结婚迁入', NULL, 1, NULL, '2024-06-21 10:00:00', '2024-06-21 10:00:00', 0);
INSERT INTO `household` VALUES (173, 121, '朱敏', '110197197101017818', 'HJ100173', '北京市海淀区第四街道4号', 1, 3, '13800003173', '2021-10-05 00:00:00', NULL, '工作调动', NULL, 1, NULL, '2024-06-22 10:00:00', '2024-06-22 10:00:00', 0);
INSERT INTO `household` VALUES (174, 162, '阎艳秀', '110132196610051473', 'HJ100174', '北京市海淀区第四街道73号', 1, 2, '13800003174', '2021-02-23 00:00:00', NULL, '购房迁入', NULL, 1, NULL, '2024-06-23 10:00:00', '2024-06-23 10:00:00', 0);
INSERT INTO `household` VALUES (175, 190, '程华文', '110158196412035709', 'HJ100175', '北京市海淀区第四街道91号', 1, 2, '13800003175', '2020-07-06 00:00:00', NULL, '其他原因', NULL, 1, NULL, '2024-06-24 10:00:00', '2024-06-24 10:00:00', 0);
INSERT INTO `household` VALUES (176, 353, '侯明', '110149195502112901', 'HJ100176', '北京市海淀区第三街道22号', 1, 1, '13800003176', '2023-04-06 00:00:00', NULL, '工作调动', NULL, 1, NULL, '2024-06-25 10:00:00', '2024-06-25 10:00:00', 0);
INSERT INTO `household` VALUES (177, 251, '汪超', '110194199402025490', 'HJ100177', '北京市朝阳区第八街道46号', 2, 5, '13800003177', '2022-11-16 00:00:00', NULL, '工作调动', NULL, 1, NULL, '2024-06-26 10:00:00', '2024-06-26 10:00:00', 0);
INSERT INTO `household` VALUES (178, 66, '崔英', '110155196903232870', 'HJ100178', '北京市东城区第一街道29号', 1, 1, '13800003178', '2023-06-02 00:00:00', NULL, '结婚迁入', NULL, 0, NULL, '2024-06-27 10:00:00', '2024-06-27 10:00:00', 0);
INSERT INTO `household` VALUES (179, 324, '余敏', '110139195706270311', 'HJ100179', '北京市丰台区第五街道48号', 2, 4, '13800003179', '2022-07-19 00:00:00', NULL, '其他原因', NULL, 1, NULL, '2024-06-28 10:00:00', '2024-06-28 10:00:00', 0);
INSERT INTO `household` VALUES (180, 73, '程文军', '110159199607072036', 'HJ100180', '北京市西城区第六街道74号', 1, 1, '13800003180', '2020-09-28 00:00:00', NULL, '结婚迁入', NULL, 1, NULL, '2024-06-29 10:00:00', '2024-06-29 10:00:00', 0);
INSERT INTO `household` VALUES (181, 42, '毛伟辉', '110199197502080852', 'HJ100181', '北京市海淀区第八街道35号', 1, 5, '13800003181', '2020-08-24 00:00:00', NULL, '结婚迁入', NULL, 1, NULL, '2024-06-30 10:00:00', '2024-06-30 10:00:00', 0);
INSERT INTO `household` VALUES (182, 278, '郑力', '110176196405062397', 'HJ100182', '北京市海淀区第四街道92号', 1, 2, '13800003182', '2021-08-13 00:00:00', NULL, '购房迁入', NULL, 1, NULL, '2024-07-01 10:00:00', '2024-07-01 10:00:00', 0);
INSERT INTO `household` VALUES (183, 329, '夏力', '110200199405127046', 'HJ100183', '北京市东城区第一街道44号', 1, 3, '13800003183', '2021-12-07 00:00:00', NULL, '结婚迁入', NULL, 0, NULL, '2024-07-02 10:00:00', '2024-07-02 10:00:00', 0);
INSERT INTO `household` VALUES (184, 368, '邱力明', '110194195603215396', 'HJ100184', '北京市海淀区第六街道36号', 1, 2, '13800003184', '2022-09-22 00:00:00', NULL, '购房迁入', NULL, 1, NULL, '2024-07-03 10:00:00', '2024-07-03 10:00:00', 0);
INSERT INTO `household` VALUES (185, 371, '梁超', '110126197110274551', 'HJ100185', '北京市东城区第二街道38号', 1, 4, '13800003185', '2023-05-21 00:00:00', NULL, '其他原因', NULL, 1, NULL, '2024-07-04 10:00:00', '2024-07-04 10:00:00', 0);
INSERT INTO `household` VALUES (186, 273, '潘丽', '110196198011206234', 'HJ100186', '北京市朝阳区第六街道59号', 1, 2, '13800003186', '2020-11-16 00:00:00', NULL, '工作调动', NULL, 1, NULL, '2024-07-05 10:00:00', '2024-07-05 10:00:00', 0);
INSERT INTO `household` VALUES (187, 375, '袁磊', '110119199802252374', 'HJ100187', '北京市东城区第二街道60号', 1, 4, '13800003187', '2023-09-07 00:00:00', NULL, '工作调动', NULL, 1, NULL, '2024-07-06 10:00:00', '2024-07-06 10:00:00', 0);
INSERT INTO `household` VALUES (188, 334, '常静', '110118195705135208', 'HJ100188', '北京市西城区第十街道37号', 2, 1, '13800003188', '2021-08-03 00:00:00', NULL, '工作调动', NULL, 1, NULL, '2024-07-07 10:00:00', '2024-07-07 10:00:00', 0);
INSERT INTO `household` VALUES (189, 403, '金英', '110167198510076105', 'HJ100189', '北京市丰台区第九街道74号', 1, 4, '13800003189', '2022-03-23 00:00:00', NULL, '结婚迁入', NULL, 1, NULL, '2024-07-08 10:00:00', '2024-07-08 10:00:00', 0);
INSERT INTO `household` VALUES (190, 313, '万华建', '110107195209130285', 'HJ100190', '北京市海淀区第一街道61号', 1, 2, '13800003190', '2020-12-08 00:00:00', NULL, '其他原因', NULL, 1, NULL, '2024-07-09 10:00:00', '2024-07-09 10:00:00', 0);
INSERT INTO `household` VALUES (191, 247, '陈华', '110200199104054531', 'HJ100191', '北京市东城区第二街道49号', 1, 2, '13800003191', '2020-01-29 00:00:00', NULL, '结婚迁入', NULL, 1, NULL, '2024-07-10 10:00:00', '2024-07-10 10:00:00', 0);
INSERT INTO `household` VALUES (192, 204, '李文勇', '110155197109107298', 'HJ100192', '北京市海淀区第二街道67号', 1, 5, '13800003192', '2022-07-30 00:00:00', NULL, '购房迁入', NULL, 1, NULL, '2024-07-11 10:00:00', '2024-07-11 10:00:00', 0);
INSERT INTO `household` VALUES (193, 334, '常静', '110118195705135208', 'HJ100193', '北京市西城区第九街道81号', 1, 3, '13800003193', '2020-02-17 00:00:00', NULL, '购房迁入', NULL, 1, NULL, '2024-07-12 10:00:00', '2024-07-12 10:00:00', 0);
INSERT INTO `household` VALUES (194, 8, '龚刚静', '110136198905260100', 'HJ100194', '北京市海淀区第一街道44号', 1, 2, '13800003194', '2020-10-18 00:00:00', NULL, '结婚迁入', NULL, 1, NULL, '2024-07-13 10:00:00', '2024-07-13 10:00:00', 0);
INSERT INTO `household` VALUES (195, 138, '田涛伟', '110169199801167471', 'HJ100195', '北京市西城区第三街道7号', 1, 2, '13800003195', '2021-04-25 00:00:00', NULL, '结婚迁入', NULL, 1, NULL, '2024-07-14 10:00:00', '2024-07-14 10:00:00', 0);
INSERT INTO `household` VALUES (196, 189, '段娜辉', '110181195401280590', 'HJ100196', '北京市海淀区第四街道69号', 1, 1, '13800003196', '2021-12-04 00:00:00', NULL, '工作调动', NULL, 1, NULL, '2024-07-15 10:00:00', '2024-07-15 10:00:00', 0);
INSERT INTO `household` VALUES (197, 22, '丁力秀', '110175195002188514', 'HJ100197', '北京市东城区第七街道85号', 1, 2, '13800003197', '2021-05-17 00:00:00', NULL, '购房迁入', NULL, 1, NULL, '2024-07-16 10:00:00', '2024-07-16 10:00:00', 0);
INSERT INTO `household` VALUES (198, 316, '蒋明静', '110181196905010275', 'HJ100198', '北京市东城区第七街道80号', 1, 3, '13800003198', '2023-09-16 00:00:00', NULL, '工作调动', NULL, 1, NULL, '2024-07-17 10:00:00', '2024-07-17 10:00:00', 0);
INSERT INTO `household` VALUES (199, 305, '邱建文', '110165199809210433', 'HJ100199', '北京市海淀区第四街道13号', 1, 5, '13800003199', '2020-01-20 00:00:00', NULL, '工作调动', NULL, 1, NULL, '2024-07-18 10:00:00', '2024-07-18 10:00:00', 0);
INSERT INTO `household` VALUES (200, 279, '史刚', '110170200512277050', 'HJ100200', '北京市西城区第八街道11号', 1, 2, '13800003200', '2022-11-13 00:00:00', NULL, '结婚迁入', NULL, 1, NULL, '2024-07-19 10:00:00', '2024-07-19 10:00:00', 0);

-- ----------------------------
-- Table structure for household_member
-- ----------------------------
DROP TABLE IF EXISTS `household_member`;
CREATE TABLE `household_member`  (
  `id` bigint NOT NULL AUTO_INCREMENT COMMENT '成员关系ID',
  `household_id` bigint NOT NULL COMMENT '户籍ID（关联household表）',
  `resident_id` bigint NOT NULL COMMENT '居民ID（关联resident表）',
  `relationship` varchar(50) CHARACTER SET utf8mb4 COLLATE utf8mb4_unicode_ci NULL DEFAULT NULL COMMENT '与户主关系：户主、配偶、子女、父母、其他',
  `create_time` datetime NULL DEFAULT CURRENT_TIMESTAMP COMMENT '创建时间',
  `update_time` datetime NULL DEFAULT CURRENT_TIMESTAMP ON UPDATE CURRENT_TIMESTAMP COMMENT '更新时间',
  `deleted` int NULL DEFAULT 0 COMMENT '逻辑删除：0-未删除, 1-已删除',
  PRIMARY KEY (`id`) USING BTREE,
  INDEX `idx_household_id`(`household_id` ASC) USING BTREE,
  INDEX `idx_resident_id`(`resident_id` ASC) USING BTREE
) ENGINE = InnoDB AUTO_INCREMENT = 654 CHARACTER SET = utf8mb4 COLLATE = utf8mb4_unicode_ci COMMENT = '户籍成员关系表' ROW_FORMAT = Dynamic;

-- ----------------------------
-- Records of household_member
-- ----------------------------
INSERT INTO `household_member` VALUES (1, 1, 405, '户主', '2026-01-09 00:18:06', '2026-01-09 00:18:06', 0);
INSERT INTO `household_member` VALUES (2, 2, 342, '户主', '2026-01-09 00:18:06', '2026-01-09 00:18:06', 0);
INSERT INTO `household_member` VALUES (3, 3, 218, '户主', '2026-01-09 00:18:06', '2026-01-09 00:18:06', 0);
INSERT INTO `household_member` VALUES (4, 4, 189, '户主', '2026-01-09 00:18:06', '2026-01-09 00:18:06', 0);
INSERT INTO `household_member` VALUES (5, 5, 288, '户主', '2026-01-09 00:18:06', '2026-01-09 00:18:06', 0);
INSERT INTO `household_member` VALUES (6, 6, 316, '户主', '2026-01-09 00:18:06', '2026-01-09 00:18:06', 0);
INSERT INTO `household_member` VALUES (7, 7, 207, '户主', '2026-01-09 00:18:06', '2026-01-09 00:18:06', 0);
INSERT INTO `household_member` VALUES (8, 8, 338, '户主', '2026-01-09 00:18:06', '2026-01-09 00:18:06', 0);
INSERT INTO `household_member` VALUES (9, 9, 436, '户主', '2026-01-09 00:18:06', '2026-01-09 00:18:06', 0);
INSERT INTO `household_member` VALUES (10, 10, 165, '户主', '2026-01-09 00:18:06', '2026-01-09 00:18:06', 0);
INSERT INTO `household_member` VALUES (11, 11, 103, '户主', '2026-01-09 00:18:06', '2026-01-09 00:18:06', 0);
INSERT INTO `household_member` VALUES (12, 12, 326, '户主', '2026-01-09 00:18:06', '2026-01-09 00:18:06', 0);
INSERT INTO `household_member` VALUES (13, 13, 7, '户主', '2026-01-09 00:18:06', '2026-01-09 00:18:06', 0);
INSERT INTO `household_member` VALUES (14, 14, 88, '户主', '2026-01-09 00:18:06', '2026-01-09 00:18:06', 0);
INSERT INTO `household_member` VALUES (15, 15, 248, '户主', '2026-01-09 00:18:06', '2026-01-09 00:18:06', 0);
INSERT INTO `household_member` VALUES (16, 16, 1, '户主', '2026-01-09 00:18:06', '2026-01-09 00:18:06', 0);
INSERT INTO `household_member` VALUES (17, 17, 175, '户主', '2026-01-09 00:18:06', '2026-01-09 00:18:06', 0);
INSERT INTO `household_member` VALUES (18, 18, 386, '户主', '2026-01-09 00:18:06', '2026-01-09 00:18:06', 0);
INSERT INTO `household_member` VALUES (19, 19, 291, '户主', '2026-01-09 00:18:06', '2026-01-09 00:18:06', 0);
INSERT INTO `household_member` VALUES (20, 20, 95, '户主', '2026-01-09 00:18:06', '2026-01-09 00:18:06', 0);
INSERT INTO `household_member` VALUES (21, 21, 261, '户主', '2026-01-09 00:18:06', '2026-01-09 00:18:06', 0);
INSERT INTO `household_member` VALUES (22, 22, 64, '户主', '2026-01-09 00:18:06', '2026-01-09 00:18:06', 0);
INSERT INTO `household_member` VALUES (23, 23, 139, '户主', '2026-01-09 00:18:06', '2026-01-09 00:18:06', 0);
INSERT INTO `household_member` VALUES (24, 24, 147, '户主', '2026-01-09 00:18:06', '2026-01-09 00:18:06', 0);
INSERT INTO `household_member` VALUES (25, 25, 429, '户主', '2026-01-09 00:18:06', '2026-01-09 00:18:06', 0);
INSERT INTO `household_member` VALUES (26, 26, 57, '户主', '2026-01-09 00:18:06', '2026-01-09 00:18:06', 0);
INSERT INTO `household_member` VALUES (27, 27, 305, '户主', '2026-01-09 00:18:06', '2026-01-09 00:18:06', 0);
INSERT INTO `household_member` VALUES (28, 28, 350, '户主', '2026-01-09 00:18:06', '2026-01-09 00:18:06', 0);
INSERT INTO `household_member` VALUES (29, 29, 447, '户主', '2026-01-09 00:18:06', '2026-01-09 00:18:06', 0);
INSERT INTO `household_member` VALUES (30, 30, 301, '户主', '2026-01-09 00:18:06', '2026-01-09 00:18:06', 0);
INSERT INTO `household_member` VALUES (31, 31, 444, '户主', '2026-01-09 00:18:06', '2026-01-09 00:18:06', 0);
INSERT INTO `household_member` VALUES (32, 32, 9, '户主', '2026-01-09 00:18:06', '2026-01-09 00:18:06', 0);
INSERT INTO `household_member` VALUES (33, 33, 4, '户主', '2026-01-09 00:18:06', '2026-01-09 00:18:06', 0);
INSERT INTO `household_member` VALUES (34, 34, 60, '户主', '2026-01-09 00:18:06', '2026-01-09 00:18:06', 0);
INSERT INTO `household_member` VALUES (35, 35, 411, '户主', '2026-01-09 00:18:06', '2026-01-09 00:18:06', 0);
INSERT INTO `household_member` VALUES (36, 36, 73, '户主', '2026-01-09 00:18:06', '2026-01-09 00:18:06', 0);
INSERT INTO `household_member` VALUES (37, 37, 59, '户主', '2026-01-09 00:18:06', '2026-01-09 00:18:06', 0);
INSERT INTO `household_member` VALUES (38, 38, 326, '户主', '2026-01-09 00:18:06', '2026-01-09 00:18:06', 0);
INSERT INTO `household_member` VALUES (39, 39, 145, '户主', '2026-01-09 00:18:06', '2026-01-09 00:18:06', 0);
INSERT INTO `household_member` VALUES (40, 40, 111, '户主', '2026-01-09 00:18:06', '2026-01-09 00:18:06', 0);
INSERT INTO `household_member` VALUES (41, 41, 402, '户主', '2026-01-09 00:18:06', '2026-01-09 00:18:06', 0);
INSERT INTO `household_member` VALUES (42, 42, 205, '户主', '2026-01-09 00:18:06', '2026-01-09 00:18:06', 0);
INSERT INTO `household_member` VALUES (43, 43, 357, '户主', '2026-01-09 00:18:06', '2026-01-09 00:18:06', 0);
INSERT INTO `household_member` VALUES (44, 44, 399, '户主', '2026-01-09 00:18:06', '2026-01-09 00:18:06', 0);
INSERT INTO `household_member` VALUES (45, 45, 127, '户主', '2026-01-09 00:18:06', '2026-01-09 00:18:06', 0);
INSERT INTO `household_member` VALUES (46, 46, 195, '户主', '2026-01-09 00:18:06', '2026-01-09 00:18:06', 0);
INSERT INTO `household_member` VALUES (47, 47, 447, '户主', '2026-01-09 00:18:06', '2026-01-09 00:18:06', 0);
INSERT INTO `household_member` VALUES (48, 48, 294, '户主', '2026-01-09 00:18:06', '2026-01-09 00:18:06', 0);
INSERT INTO `household_member` VALUES (49, 49, 412, '户主', '2026-01-09 00:18:06', '2026-01-09 00:18:06', 0);
INSERT INTO `household_member` VALUES (50, 50, 341, '户主', '2026-01-09 00:18:06', '2026-01-09 00:18:06', 0);
INSERT INTO `household_member` VALUES (51, 51, 68, '户主', '2026-01-09 00:18:06', '2026-01-09 00:18:06', 0);
INSERT INTO `household_member` VALUES (52, 52, 399, '户主', '2026-01-09 00:18:06', '2026-01-09 00:18:06', 0);
INSERT INTO `household_member` VALUES (53, 53, 255, '户主', '2026-01-09 00:18:06', '2026-01-09 00:18:06', 0);
INSERT INTO `household_member` VALUES (54, 54, 67, '户主', '2026-01-09 00:18:06', '2026-01-09 00:18:06', 0);
INSERT INTO `household_member` VALUES (55, 55, 52, '户主', '2026-01-09 00:18:06', '2026-01-09 00:18:06', 0);
INSERT INTO `household_member` VALUES (56, 56, 141, '户主', '2026-01-09 00:18:06', '2026-01-09 00:18:06', 0);
INSERT INTO `household_member` VALUES (57, 57, 423, '户主', '2026-01-09 00:18:06', '2026-01-09 00:18:06', 0);
INSERT INTO `household_member` VALUES (58, 58, 362, '户主', '2026-01-09 00:18:06', '2026-01-09 00:18:06', 0);
INSERT INTO `household_member` VALUES (59, 59, 352, '户主', '2026-01-09 00:18:06', '2026-01-09 00:18:06', 0);
INSERT INTO `household_member` VALUES (60, 60, 327, '户主', '2026-01-09 00:18:06', '2026-01-09 00:18:06', 0);
INSERT INTO `household_member` VALUES (61, 61, 18, '户主', '2026-01-09 00:18:06', '2026-01-09 00:18:06', 0);
INSERT INTO `household_member` VALUES (62, 62, 274, '户主', '2026-01-09 00:18:06', '2026-01-09 00:18:06', 0);
INSERT INTO `household_member` VALUES (63, 63, 59, '户主', '2026-01-09 00:18:06', '2026-01-09 00:18:06', 0);
INSERT INTO `household_member` VALUES (64, 64, 43, '户主', '2026-01-09 00:18:06', '2026-01-09 00:18:06', 0);
INSERT INTO `household_member` VALUES (65, 65, 103, '户主', '2026-01-09 00:18:06', '2026-01-09 00:18:06', 0);
INSERT INTO `household_member` VALUES (66, 66, 255, '户主', '2026-01-09 00:18:06', '2026-01-09 00:18:06', 0);
INSERT INTO `household_member` VALUES (67, 67, 447, '户主', '2026-01-09 00:18:06', '2026-01-09 00:18:06', 0);
INSERT INTO `household_member` VALUES (68, 68, 280, '户主', '2026-01-09 00:18:06', '2026-01-09 00:18:06', 0);
INSERT INTO `household_member` VALUES (69, 69, 116, '户主', '2026-01-09 00:18:06', '2026-01-09 00:18:06', 0);
INSERT INTO `household_member` VALUES (70, 70, 393, '户主', '2026-01-09 00:18:06', '2026-01-09 00:18:06', 0);
INSERT INTO `household_member` VALUES (71, 71, 126, '户主', '2026-01-09 00:18:06', '2026-01-09 00:18:06', 0);
INSERT INTO `household_member` VALUES (72, 72, 163, '户主', '2026-01-09 00:18:06', '2026-01-09 00:18:06', 0);
INSERT INTO `household_member` VALUES (73, 73, 56, '户主', '2026-01-09 00:18:06', '2026-01-09 00:18:06', 0);
INSERT INTO `household_member` VALUES (74, 74, 149, '户主', '2026-01-09 00:18:06', '2026-01-09 00:18:06', 0);
INSERT INTO `household_member` VALUES (75, 75, 196, '户主', '2026-01-09 00:18:06', '2026-01-09 00:18:06', 0);
INSERT INTO `household_member` VALUES (76, 76, 345, '户主', '2026-01-09 00:18:06', '2026-01-09 00:18:06', 0);
INSERT INTO `household_member` VALUES (77, 77, 299, '户主', '2026-01-09 00:18:06', '2026-01-09 00:18:06', 0);
INSERT INTO `household_member` VALUES (78, 78, 349, '户主', '2026-01-09 00:18:06', '2026-01-09 00:18:06', 0);
INSERT INTO `household_member` VALUES (79, 79, 281, '户主', '2026-01-09 00:18:06', '2026-01-09 00:18:06', 0);
INSERT INTO `household_member` VALUES (80, 80, 69, '户主', '2026-01-09 00:18:06', '2026-01-09 00:18:06', 0);
INSERT INTO `household_member` VALUES (81, 81, 379, '户主', '2026-01-09 00:18:06', '2026-01-09 00:18:06', 0);
INSERT INTO `household_member` VALUES (82, 82, 54, '户主', '2026-01-09 00:18:06', '2026-01-09 00:18:06', 0);
INSERT INTO `household_member` VALUES (83, 83, 188, '户主', '2026-01-09 00:18:06', '2026-01-09 00:18:06', 0);
INSERT INTO `household_member` VALUES (84, 84, 155, '户主', '2026-01-09 00:18:06', '2026-01-09 00:18:06', 0);
INSERT INTO `household_member` VALUES (85, 85, 305, '户主', '2026-01-09 00:18:06', '2026-01-09 00:18:06', 0);
INSERT INTO `household_member` VALUES (86, 86, 357, '户主', '2026-01-09 00:18:06', '2026-01-09 00:18:06', 0);
INSERT INTO `household_member` VALUES (87, 87, 280, '户主', '2026-01-09 00:18:06', '2026-01-09 00:18:06', 0);
INSERT INTO `household_member` VALUES (88, 88, 336, '户主', '2026-01-09 00:18:06', '2026-01-09 00:18:06', 0);
INSERT INTO `household_member` VALUES (89, 89, 274, '户主', '2026-01-09 00:18:06', '2026-01-09 00:18:06', 0);
INSERT INTO `household_member` VALUES (90, 90, 378, '户主', '2026-01-09 00:18:06', '2026-01-09 00:18:06', 0);
INSERT INTO `household_member` VALUES (91, 91, 173, '户主', '2026-01-09 00:18:06', '2026-01-09 00:18:06', 0);
INSERT INTO `household_member` VALUES (92, 92, 18, '户主', '2026-01-09 00:18:06', '2026-01-09 00:18:06', 0);
INSERT INTO `household_member` VALUES (93, 93, 227, '户主', '2026-01-09 00:18:06', '2026-01-09 00:18:06', 0);
INSERT INTO `household_member` VALUES (94, 94, 371, '户主', '2026-01-09 00:18:06', '2026-01-09 00:18:06', 0);
INSERT INTO `household_member` VALUES (95, 95, 55, '户主', '2026-01-09 00:18:06', '2026-01-09 00:18:06', 0);
INSERT INTO `household_member` VALUES (96, 96, 170, '户主', '2026-01-09 00:18:06', '2026-01-09 00:18:06', 0);
INSERT INTO `household_member` VALUES (97, 97, 403, '户主', '2026-01-09 00:18:06', '2026-01-09 00:18:06', 0);
INSERT INTO `household_member` VALUES (98, 98, 437, '户主', '2026-01-09 00:18:06', '2026-01-09 00:18:06', 0);
INSERT INTO `household_member` VALUES (99, 99, 436, '户主', '2026-01-09 00:18:06', '2026-01-09 00:18:06', 0);
INSERT INTO `household_member` VALUES (100, 100, 306, '户主', '2026-01-09 00:18:06', '2026-01-09 00:18:06', 0);
INSERT INTO `household_member` VALUES (101, 101, 73, '户主', '2026-01-09 00:18:06', '2026-01-09 00:18:06', 0);
INSERT INTO `household_member` VALUES (102, 102, 211, '户主', '2026-01-09 00:18:06', '2026-01-09 00:18:06', 0);
INSERT INTO `household_member` VALUES (103, 103, 133, '户主', '2026-01-09 00:18:06', '2026-01-09 00:18:06', 0);
INSERT INTO `household_member` VALUES (104, 104, 134, '户主', '2026-01-09 00:18:06', '2026-01-09 00:18:06', 0);
INSERT INTO `household_member` VALUES (105, 105, 448, '户主', '2026-01-09 00:18:06', '2026-01-09 00:18:06', 0);
INSERT INTO `household_member` VALUES (106, 106, 300, '户主', '2026-01-09 00:18:06', '2026-01-09 00:18:06', 0);
INSERT INTO `household_member` VALUES (107, 107, 167, '户主', '2026-01-09 00:18:06', '2026-01-09 00:18:06', 0);
INSERT INTO `household_member` VALUES (108, 108, 60, '户主', '2026-01-09 00:18:06', '2026-01-09 00:18:06', 0);
INSERT INTO `household_member` VALUES (109, 109, 434, '户主', '2026-01-09 00:18:06', '2026-01-09 00:18:06', 0);
INSERT INTO `household_member` VALUES (110, 110, 422, '户主', '2026-01-09 00:18:06', '2026-01-09 00:18:06', 0);
INSERT INTO `household_member` VALUES (111, 111, 428, '户主', '2026-01-09 00:18:06', '2026-01-09 00:18:06', 0);
INSERT INTO `household_member` VALUES (112, 112, 182, '户主', '2026-01-09 00:18:06', '2026-01-09 00:18:06', 0);
INSERT INTO `household_member` VALUES (113, 113, 143, '户主', '2026-01-09 00:18:06', '2026-01-09 00:18:06', 0);
INSERT INTO `household_member` VALUES (114, 114, 317, '户主', '2026-01-09 00:18:06', '2026-01-09 00:18:06', 0);
INSERT INTO `household_member` VALUES (115, 115, 288, '户主', '2026-01-09 00:18:06', '2026-01-09 00:18:06', 0);
INSERT INTO `household_member` VALUES (116, 116, 43, '户主', '2026-01-09 00:18:06', '2026-01-09 00:18:06', 0);
INSERT INTO `household_member` VALUES (117, 117, 304, '户主', '2026-01-09 00:18:06', '2026-01-09 00:18:06', 0);
INSERT INTO `household_member` VALUES (118, 118, 308, '户主', '2026-01-09 00:18:06', '2026-01-09 00:18:06', 0);
INSERT INTO `household_member` VALUES (119, 119, 67, '户主', '2026-01-09 00:18:06', '2026-01-09 00:18:06', 0);
INSERT INTO `household_member` VALUES (120, 120, 431, '户主', '2026-01-09 00:18:06', '2026-01-09 00:18:06', 0);
INSERT INTO `household_member` VALUES (121, 121, 241, '户主', '2026-01-09 00:18:06', '2026-01-09 00:18:06', 0);
INSERT INTO `household_member` VALUES (122, 122, 79, '户主', '2026-01-09 00:18:06', '2026-01-09 00:18:06', 0);
INSERT INTO `household_member` VALUES (123, 123, 311, '户主', '2026-01-09 00:18:06', '2026-01-09 00:18:06', 0);
INSERT INTO `household_member` VALUES (124, 124, 422, '户主', '2026-01-09 00:18:06', '2026-01-09 00:18:06', 0);
INSERT INTO `household_member` VALUES (125, 125, 260, '户主', '2026-01-09 00:18:06', '2026-01-09 00:18:06', 0);
INSERT INTO `household_member` VALUES (126, 126, 117, '户主', '2026-01-09 00:18:06', '2026-01-09 00:18:06', 0);
INSERT INTO `household_member` VALUES (127, 127, 222, '户主', '2026-01-09 00:18:06', '2026-01-09 00:18:06', 0);
INSERT INTO `household_member` VALUES (128, 128, 239, '户主', '2026-01-09 00:18:06', '2026-01-09 00:18:06', 0);
INSERT INTO `household_member` VALUES (129, 129, 82, '户主', '2026-01-09 00:18:06', '2026-01-09 00:18:06', 0);
INSERT INTO `household_member` VALUES (130, 130, 177, '户主', '2026-01-09 00:18:06', '2026-01-09 00:18:06', 0);
INSERT INTO `household_member` VALUES (131, 131, 113, '户主', '2026-01-09 00:18:06', '2026-01-09 00:18:06', 0);
INSERT INTO `household_member` VALUES (132, 132, 386, '户主', '2026-01-09 00:18:06', '2026-01-09 00:18:06', 0);
INSERT INTO `household_member` VALUES (133, 133, 332, '户主', '2026-01-09 00:18:06', '2026-01-09 00:18:06', 0);
INSERT INTO `household_member` VALUES (134, 134, 270, '户主', '2026-01-09 00:18:06', '2026-01-09 00:18:06', 0);
INSERT INTO `household_member` VALUES (135, 135, 168, '户主', '2026-01-09 00:18:06', '2026-01-09 00:18:06', 0);
INSERT INTO `household_member` VALUES (136, 136, 158, '户主', '2026-01-09 00:18:06', '2026-01-09 00:18:06', 0);
INSERT INTO `household_member` VALUES (137, 137, 420, '户主', '2026-01-09 00:18:06', '2026-01-09 00:18:06', 0);
INSERT INTO `household_member` VALUES (138, 138, 20, '户主', '2026-01-09 00:18:06', '2026-01-09 00:18:06', 0);
INSERT INTO `household_member` VALUES (139, 139, 313, '户主', '2026-01-09 00:18:06', '2026-01-09 00:18:06', 0);
INSERT INTO `household_member` VALUES (140, 140, 292, '户主', '2026-01-09 00:18:06', '2026-01-09 00:18:06', 0);
INSERT INTO `household_member` VALUES (141, 141, 137, '户主', '2026-01-09 00:18:06', '2026-01-09 00:18:06', 0);
INSERT INTO `household_member` VALUES (142, 142, 122, '户主', '2026-01-09 00:18:06', '2026-01-09 00:18:06', 0);
INSERT INTO `household_member` VALUES (143, 143, 316, '户主', '2026-01-09 00:18:06', '2026-01-09 00:18:06', 0);
INSERT INTO `household_member` VALUES (144, 144, 320, '户主', '2026-01-09 00:18:06', '2026-01-09 00:18:06', 0);
INSERT INTO `household_member` VALUES (145, 145, 426, '户主', '2026-01-09 00:18:06', '2026-01-09 00:18:06', 0);
INSERT INTO `household_member` VALUES (146, 146, 248, '户主', '2026-01-09 00:18:06', '2026-01-09 00:18:06', 0);
INSERT INTO `household_member` VALUES (147, 147, 259, '户主', '2026-01-09 00:18:06', '2026-01-09 00:18:06', 0);
INSERT INTO `household_member` VALUES (148, 148, 347, '户主', '2026-01-09 00:18:06', '2026-01-09 00:18:06', 0);
INSERT INTO `household_member` VALUES (149, 149, 92, '户主', '2026-01-09 00:18:06', '2026-01-09 00:18:06', 0);
INSERT INTO `household_member` VALUES (150, 150, 167, '户主', '2026-01-09 00:18:06', '2026-01-09 00:18:06', 0);
INSERT INTO `household_member` VALUES (151, 151, 65, '户主', '2026-01-09 00:18:06', '2026-01-09 00:18:06', 0);
INSERT INTO `household_member` VALUES (152, 152, 349, '户主', '2026-01-09 00:18:06', '2026-01-09 00:18:06', 0);
INSERT INTO `household_member` VALUES (153, 153, 351, '户主', '2026-01-09 00:18:06', '2026-01-09 00:18:06', 0);
INSERT INTO `household_member` VALUES (154, 154, 2, '户主', '2026-01-09 00:18:06', '2026-01-09 00:18:06', 0);
INSERT INTO `household_member` VALUES (155, 155, 143, '户主', '2026-01-09 00:18:06', '2026-01-09 00:18:06', 0);
INSERT INTO `household_member` VALUES (156, 156, 251, '户主', '2026-01-09 00:18:06', '2026-01-09 00:18:06', 0);
INSERT INTO `household_member` VALUES (157, 157, 350, '户主', '2026-01-09 00:18:06', '2026-01-09 00:18:06', 0);
INSERT INTO `household_member` VALUES (158, 158, 419, '户主', '2026-01-09 00:18:06', '2026-01-09 00:18:06', 0);
INSERT INTO `household_member` VALUES (159, 159, 32, '户主', '2026-01-09 00:18:06', '2026-01-09 00:18:06', 0);
INSERT INTO `household_member` VALUES (160, 160, 210, '户主', '2026-01-09 00:18:06', '2026-01-09 00:18:06', 0);
INSERT INTO `household_member` VALUES (161, 161, 120, '户主', '2026-01-09 00:18:06', '2026-01-09 00:18:06', 0);
INSERT INTO `household_member` VALUES (162, 162, 355, '户主', '2026-01-09 00:18:06', '2026-01-09 00:18:06', 0);
INSERT INTO `household_member` VALUES (163, 163, 419, '户主', '2026-01-09 00:18:06', '2026-01-09 00:18:06', 0);
INSERT INTO `household_member` VALUES (164, 164, 265, '户主', '2026-01-09 00:18:06', '2026-01-09 00:18:06', 0);
INSERT INTO `household_member` VALUES (165, 165, 180, '户主', '2026-01-09 00:18:06', '2026-01-09 00:18:06', 0);
INSERT INTO `household_member` VALUES (166, 166, 393, '户主', '2026-01-09 00:18:06', '2026-01-09 00:18:06', 0);
INSERT INTO `household_member` VALUES (167, 167, 331, '户主', '2026-01-09 00:18:06', '2026-01-09 00:18:06', 0);
INSERT INTO `household_member` VALUES (168, 168, 428, '户主', '2026-01-09 00:18:06', '2026-01-09 00:18:06', 0);
INSERT INTO `household_member` VALUES (169, 169, 309, '户主', '2026-01-09 00:18:06', '2026-01-09 00:18:06', 0);
INSERT INTO `household_member` VALUES (170, 170, 177, '户主', '2026-01-09 00:18:06', '2026-01-09 00:18:06', 0);
INSERT INTO `household_member` VALUES (171, 171, 190, '户主', '2026-01-09 00:18:06', '2026-01-09 00:18:06', 0);
INSERT INTO `household_member` VALUES (172, 172, 85, '户主', '2026-01-09 00:18:06', '2026-01-09 00:18:06', 0);
INSERT INTO `household_member` VALUES (173, 173, 121, '户主', '2026-01-09 00:18:06', '2026-01-09 00:18:06', 0);
INSERT INTO `household_member` VALUES (174, 174, 162, '户主', '2026-01-09 00:18:06', '2026-01-09 00:18:06', 0);
INSERT INTO `household_member` VALUES (175, 175, 190, '户主', '2026-01-09 00:18:06', '2026-01-09 00:18:06', 0);
INSERT INTO `household_member` VALUES (176, 176, 353, '户主', '2026-01-09 00:18:06', '2026-01-09 00:18:06', 0);
INSERT INTO `household_member` VALUES (177, 177, 251, '户主', '2026-01-09 00:18:06', '2026-01-09 00:18:06', 0);
INSERT INTO `household_member` VALUES (178, 178, 66, '户主', '2026-01-09 00:18:06', '2026-01-09 00:18:06', 0);
INSERT INTO `household_member` VALUES (179, 179, 324, '户主', '2026-01-09 00:18:06', '2026-01-09 00:18:06', 0);
INSERT INTO `household_member` VALUES (180, 180, 73, '户主', '2026-01-09 00:18:06', '2026-01-09 00:18:06', 0);
INSERT INTO `household_member` VALUES (181, 181, 42, '户主', '2026-01-09 00:18:06', '2026-01-09 00:18:06', 0);
INSERT INTO `household_member` VALUES (182, 182, 278, '户主', '2026-01-09 00:18:06', '2026-01-09 00:18:06', 0);
INSERT INTO `household_member` VALUES (183, 183, 329, '户主', '2026-01-09 00:18:06', '2026-01-09 00:18:06', 0);
INSERT INTO `household_member` VALUES (184, 184, 368, '户主', '2026-01-09 00:18:06', '2026-01-09 00:18:06', 0);
INSERT INTO `household_member` VALUES (185, 185, 371, '户主', '2026-01-09 00:18:06', '2026-01-09 00:18:06', 0);
INSERT INTO `household_member` VALUES (186, 186, 273, '户主', '2026-01-09 00:18:06', '2026-01-09 00:18:06', 0);
INSERT INTO `household_member` VALUES (187, 187, 375, '户主', '2026-01-09 00:18:06', '2026-01-09 00:18:06', 0);
INSERT INTO `household_member` VALUES (188, 188, 334, '户主', '2026-01-09 00:18:06', '2026-01-09 00:18:06', 0);
INSERT INTO `household_member` VALUES (189, 189, 403, '户主', '2026-01-09 00:18:06', '2026-01-09 00:18:06', 0);
INSERT INTO `household_member` VALUES (190, 190, 313, '户主', '2026-01-09 00:18:06', '2026-01-09 00:18:06', 0);
INSERT INTO `household_member` VALUES (191, 191, 247, '户主', '2026-01-09 00:18:06', '2026-01-09 00:18:06', 0);
INSERT INTO `household_member` VALUES (192, 192, 204, '户主', '2026-01-09 00:18:06', '2026-01-09 00:18:06', 0);
INSERT INTO `household_member` VALUES (193, 193, 334, '户主', '2026-01-09 00:18:06', '2026-01-09 00:18:06', 0);
INSERT INTO `household_member` VALUES (194, 194, 8, '户主', '2026-01-09 00:18:06', '2026-01-09 00:18:06', 0);
INSERT INTO `household_member` VALUES (195, 195, 138, '户主', '2026-01-09 00:18:06', '2026-01-09 00:18:06', 0);
INSERT INTO `household_member` VALUES (196, 196, 189, '户主', '2026-01-09 00:18:06', '2026-01-09 00:18:06', 0);
INSERT INTO `household_member` VALUES (197, 197, 22, '户主', '2026-01-09 00:18:06', '2026-01-09 00:18:06', 0);
INSERT INTO `household_member` VALUES (198, 198, 316, '户主', '2026-01-09 00:18:06', '2026-01-09 00:18:06', 0);
INSERT INTO `household_member` VALUES (199, 199, 305, '户主', '2026-01-09 00:18:06', '2026-01-09 00:18:06', 0);
INSERT INTO `household_member` VALUES (200, 200, 279, '户主', '2026-01-09 00:18:06', '2026-01-09 00:18:06', 0);
INSERT INTO `household_member` VALUES (256, 1, 261, '子女', '2026-01-09 00:18:20', '2026-01-09 00:18:20', 0);
INSERT INTO `household_member` VALUES (257, 1, 431, '子女', '2026-01-09 00:18:19', '2026-01-09 00:18:19', 0);
INSERT INTO `household_member` VALUES (258, 1, 438, '子女', '2026-01-09 00:18:18', '2026-01-09 00:18:18', 0);
INSERT INTO `household_member` VALUES (259, 1, 380, '子女', '2026-01-09 00:18:17', '2026-01-09 00:18:17', 0);
INSERT INTO `household_member` VALUES (260, 2, 132, '子女', '2026-01-09 00:18:28', '2026-01-09 00:18:28', 0);
INSERT INTO `household_member` VALUES (261, 2, 428, '其他', '2026-01-09 00:18:27', '2026-01-09 00:18:27', 0);
INSERT INTO `household_member` VALUES (262, 4, 184, '配偶', '2026-01-09 00:18:50', '2026-01-09 00:18:50', 0);
INSERT INTO `household_member` VALUES (263, 4, 96, '其他', '2026-01-09 00:18:49', '2026-01-09 00:18:49', 0);
INSERT INTO `household_member` VALUES (264, 4, 160, '子女', '2026-01-09 00:18:48', '2026-01-09 00:18:48', 0);
INSERT INTO `household_member` VALUES (265, 4, 371, '子女', '2026-01-09 00:18:47', '2026-01-09 00:18:47', 0);
INSERT INTO `household_member` VALUES (266, 5, 206, '子女', '2026-01-09 00:18:58', '2026-01-09 00:18:58', 0);
INSERT INTO `household_member` VALUES (267, 5, 124, '子女', '2026-01-09 00:18:57', '2026-01-09 00:18:57', 0);
INSERT INTO `household_member` VALUES (268, 6, 42, '子女', '2026-01-09 00:19:09', '2026-01-09 00:19:09', 0);
INSERT INTO `household_member` VALUES (269, 6, 124, '父母', '2026-01-09 00:19:08', '2026-01-09 00:19:08', 0);
INSERT INTO `household_member` VALUES (270, 6, 184, '其他', '2026-01-09 00:19:07', '2026-01-09 00:19:07', 0);
INSERT INTO `household_member` VALUES (271, 7, 117, '子女', '2026-01-09 00:19:17', '2026-01-09 00:19:17', 0);
INSERT INTO `household_member` VALUES (272, 8, 107, '父母', '2026-01-09 00:19:29', '2026-01-09 00:19:29', 0);
INSERT INTO `household_member` VALUES (273, 8, 72, '配偶', '2026-01-09 00:19:28', '2026-01-09 00:19:28', 0);
INSERT INTO `household_member` VALUES (274, 8, 401, '子女', '2026-01-09 00:19:27', '2026-01-09 00:19:27', 0);
INSERT INTO `household_member` VALUES (275, 9, 218, '其他', '2026-01-09 00:19:37', '2026-01-09 00:19:37', 0);
INSERT INTO `household_member` VALUES (276, 10, 71, '其他', '2026-01-09 00:19:48', '2026-01-09 00:19:48', 0);
INSERT INTO `household_member` VALUES (277, 10, 286, '子女', '2026-01-09 00:19:47', '2026-01-09 00:19:47', 0);
INSERT INTO `household_member` VALUES (278, 11, 295, '子女', '2026-01-09 00:20:00', '2026-01-09 00:20:00', 0);
INSERT INTO `household_member` VALUES (279, 11, 333, '其他', '2026-01-09 00:19:59', '2026-01-09 00:19:59', 0);
INSERT INTO `household_member` VALUES (280, 11, 66, '其他', '2026-01-09 00:19:58', '2026-01-09 00:19:58', 0);
INSERT INTO `household_member` VALUES (281, 11, 58, '父母', '2026-01-09 00:19:57', '2026-01-09 00:19:57', 0);
INSERT INTO `household_member` VALUES (282, 12, 43, '子女', '2026-01-09 00:20:09', '2026-01-09 00:20:09', 0);
INSERT INTO `household_member` VALUES (283, 12, 296, '子女', '2026-01-09 00:20:08', '2026-01-09 00:20:08', 0);
INSERT INTO `household_member` VALUES (284, 12, 286, '子女', '2026-01-09 00:20:07', '2026-01-09 00:20:07', 0);
INSERT INTO `household_member` VALUES (285, 13, 72, '配偶', '2026-01-09 00:20:19', '2026-01-09 00:20:19', 0);
INSERT INTO `household_member` VALUES (286, 13, 130, '子女', '2026-01-09 00:20:18', '2026-01-09 00:20:18', 0);
INSERT INTO `household_member` VALUES (287, 13, 26, '子女', '2026-01-09 00:20:17', '2026-01-09 00:20:17', 0);
INSERT INTO `household_member` VALUES (288, 14, 212, '子女', '2026-01-09 00:20:30', '2026-01-09 00:20:30', 0);
INSERT INTO `household_member` VALUES (289, 14, 200, '配偶', '2026-01-09 00:20:29', '2026-01-09 00:20:29', 0);
INSERT INTO `household_member` VALUES (290, 14, 86, '其他', '2026-01-09 00:20:28', '2026-01-09 00:20:28', 0);
INSERT INTO `household_member` VALUES (291, 14, 287, '子女', '2026-01-09 00:20:27', '2026-01-09 00:20:27', 0);
INSERT INTO `household_member` VALUES (292, 15, 176, '配偶', '2026-01-09 00:20:40', '2026-01-09 00:20:40', 0);
INSERT INTO `household_member` VALUES (293, 15, 305, '子女', '2026-01-09 00:20:39', '2026-01-09 00:20:39', 0);
INSERT INTO `household_member` VALUES (294, 15, 163, '配偶', '2026-01-09 00:20:38', '2026-01-09 00:20:38', 0);
INSERT INTO `household_member` VALUES (295, 15, 338, '子女', '2026-01-09 00:20:37', '2026-01-09 00:20:37', 0);
INSERT INTO `household_member` VALUES (296, 16, 9, '子女', '2026-01-09 00:20:49', '2026-01-09 00:20:49', 0);
INSERT INTO `household_member` VALUES (297, 16, 280, '配偶', '2026-01-09 00:20:48', '2026-01-09 00:20:48', 0);
INSERT INTO `household_member` VALUES (298, 16, 287, '子女', '2026-01-09 00:20:47', '2026-01-09 00:20:47', 0);
INSERT INTO `household_member` VALUES (299, 17, 229, '子女', '2026-01-09 00:20:58', '2026-01-09 00:20:58', 0);
INSERT INTO `household_member` VALUES (300, 17, 406, '子女', '2026-01-09 00:20:57', '2026-01-09 00:20:57', 0);
INSERT INTO `household_member` VALUES (301, 18, 251, '子女', '2026-01-09 00:21:10', '2026-01-09 00:21:10', 0);
INSERT INTO `household_member` VALUES (302, 18, 210, '其他', '2026-01-09 00:21:09', '2026-01-09 00:21:09', 0);
INSERT INTO `household_member` VALUES (303, 18, 380, '子女', '2026-01-09 00:21:08', '2026-01-09 00:21:08', 0);
INSERT INTO `household_member` VALUES (304, 18, 381, '父母', '2026-01-09 00:21:07', '2026-01-09 00:21:07', 0);
INSERT INTO `household_member` VALUES (305, 19, 218, '子女', '2026-01-09 00:21:20', '2026-01-09 00:21:20', 0);
INSERT INTO `household_member` VALUES (306, 19, 262, '子女', '2026-01-09 00:21:19', '2026-01-09 00:21:19', 0);
INSERT INTO `household_member` VALUES (307, 19, 309, '父母', '2026-01-09 00:21:18', '2026-01-09 00:21:18', 0);
INSERT INTO `household_member` VALUES (308, 19, 363, '子女', '2026-01-09 00:21:17', '2026-01-09 00:21:17', 0);
INSERT INTO `household_member` VALUES (309, 20, 63, '其他', '2026-01-09 00:21:27', '2026-01-09 00:21:27', 0);
INSERT INTO `household_member` VALUES (310, 21, 180, '其他', '2026-01-09 00:21:38', '2026-01-09 00:21:38', 0);
INSERT INTO `household_member` VALUES (311, 21, 139, '父母', '2026-01-09 00:21:37', '2026-01-09 00:21:37', 0);
INSERT INTO `household_member` VALUES (312, 22, 112, '子女', '2026-01-09 00:21:48', '2026-01-09 00:21:48', 0);
INSERT INTO `household_member` VALUES (313, 22, 427, '子女', '2026-01-09 00:21:47', '2026-01-09 00:21:47', 0);
INSERT INTO `household_member` VALUES (314, 23, 343, '配偶', '2026-01-09 00:22:00', '2026-01-09 00:22:00', 0);
INSERT INTO `household_member` VALUES (315, 23, 421, '父母', '2026-01-09 00:21:59', '2026-01-09 00:21:59', 0);
INSERT INTO `household_member` VALUES (316, 23, 415, '子女', '2026-01-09 00:21:58', '2026-01-09 00:21:58', 0);
INSERT INTO `household_member` VALUES (317, 23, 35, '父母', '2026-01-09 00:21:57', '2026-01-09 00:21:57', 0);
INSERT INTO `household_member` VALUES (318, 26, 74, '子女', '2026-01-09 00:22:27', '2026-01-09 00:22:27', 0);
INSERT INTO `household_member` VALUES (319, 27, 196, '配偶', '2026-01-09 00:22:40', '2026-01-09 00:22:40', 0);
INSERT INTO `household_member` VALUES (320, 27, 342, '其他', '2026-01-09 00:22:39', '2026-01-09 00:22:39', 0);
INSERT INTO `household_member` VALUES (321, 27, 226, '子女', '2026-01-09 00:22:38', '2026-01-09 00:22:38', 0);
INSERT INTO `household_member` VALUES (322, 27, 320, '子女', '2026-01-09 00:22:37', '2026-01-09 00:22:37', 0);
INSERT INTO `household_member` VALUES (323, 28, 430, '子女', '2026-01-09 00:22:48', '2026-01-09 00:22:48', 0);
INSERT INTO `household_member` VALUES (324, 28, 341, '子女', '2026-01-09 00:22:47', '2026-01-09 00:22:47', 0);
INSERT INTO `household_member` VALUES (325, 29, 360, '父母', '2026-01-09 00:22:59', '2026-01-09 00:22:59', 0);
INSERT INTO `household_member` VALUES (326, 29, 167, '配偶', '2026-01-09 00:22:58', '2026-01-09 00:22:58', 0);
INSERT INTO `household_member` VALUES (327, 29, 378, '其他', '2026-01-09 00:22:57', '2026-01-09 00:22:57', 0);
INSERT INTO `household_member` VALUES (328, 30, 274, '配偶', '2026-01-09 00:23:10', '2026-01-09 00:23:10', 0);
INSERT INTO `household_member` VALUES (329, 30, 445, '父母', '2026-01-09 00:23:09', '2026-01-09 00:23:09', 0);
INSERT INTO `household_member` VALUES (330, 30, 133, '配偶', '2026-01-09 00:23:08', '2026-01-09 00:23:08', 0);
INSERT INTO `household_member` VALUES (331, 30, 312, '配偶', '2026-01-09 00:23:07', '2026-01-09 00:23:07', 0);
INSERT INTO `household_member` VALUES (332, 31, 232, '子女', '2026-01-09 00:23:17', '2026-01-09 00:23:17', 0);
INSERT INTO `household_member` VALUES (333, 33, 240, '配偶', '2026-01-09 00:23:37', '2026-01-09 00:23:37', 0);
INSERT INTO `household_member` VALUES (334, 34, 212, '子女', '2026-01-09 00:23:48', '2026-01-09 00:23:48', 0);
INSERT INTO `household_member` VALUES (335, 34, 74, '子女', '2026-01-09 00:23:47', '2026-01-09 00:23:47', 0);
INSERT INTO `household_member` VALUES (336, 36, 385, '其他', '2026-01-09 00:24:10', '2026-01-09 00:24:10', 0);
INSERT INTO `household_member` VALUES (337, 36, 340, '其他', '2026-01-09 00:24:09', '2026-01-09 00:24:09', 0);
INSERT INTO `household_member` VALUES (338, 36, 290, '子女', '2026-01-09 00:24:08', '2026-01-09 00:24:08', 0);
INSERT INTO `household_member` VALUES (339, 36, 198, '父母', '2026-01-09 00:24:07', '2026-01-09 00:24:07', 0);
INSERT INTO `household_member` VALUES (340, 38, 246, '配偶', '2026-01-09 00:24:29', '2026-01-09 00:24:29', 0);
INSERT INTO `household_member` VALUES (341, 38, 190, '配偶', '2026-01-09 00:24:28', '2026-01-09 00:24:28', 0);
INSERT INTO `household_member` VALUES (342, 38, 39, '子女', '2026-01-09 00:24:27', '2026-01-09 00:24:27', 0);
INSERT INTO `household_member` VALUES (343, 40, 378, '父母', '2026-01-09 00:24:50', '2026-01-09 00:24:50', 0);
INSERT INTO `household_member` VALUES (344, 40, 73, '配偶', '2026-01-09 00:24:49', '2026-01-09 00:24:49', 0);
INSERT INTO `household_member` VALUES (345, 40, 232, '子女', '2026-01-09 00:24:48', '2026-01-09 00:24:48', 0);
INSERT INTO `household_member` VALUES (346, 40, 151, '其他', '2026-01-09 00:24:47', '2026-01-09 00:24:47', 0);
INSERT INTO `household_member` VALUES (347, 41, 323, '子女', '2026-01-09 00:24:58', '2026-01-09 00:24:58', 0);
INSERT INTO `household_member` VALUES (348, 41, 282, '配偶', '2026-01-09 00:24:57', '2026-01-09 00:24:57', 0);
INSERT INTO `household_member` VALUES (349, 43, 200, '配偶', '2026-01-09 00:25:20', '2026-01-09 00:25:20', 0);
INSERT INTO `household_member` VALUES (350, 43, 347, '其他', '2026-01-09 00:25:19', '2026-01-09 00:25:19', 0);
INSERT INTO `household_member` VALUES (351, 43, 288, '子女', '2026-01-09 00:25:18', '2026-01-09 00:25:18', 0);
INSERT INTO `household_member` VALUES (352, 43, 93, '父母', '2026-01-09 00:25:17', '2026-01-09 00:25:17', 0);
INSERT INTO `household_member` VALUES (353, 44, 78, '配偶', '2026-01-09 00:25:30', '2026-01-09 00:25:30', 0);
INSERT INTO `household_member` VALUES (354, 44, 193, '父母', '2026-01-09 00:25:29', '2026-01-09 00:25:29', 0);
INSERT INTO `household_member` VALUES (355, 44, 251, '配偶', '2026-01-09 00:25:28', '2026-01-09 00:25:28', 0);
INSERT INTO `household_member` VALUES (356, 44, 334, '父母', '2026-01-09 00:25:27', '2026-01-09 00:25:27', 0);
INSERT INTO `household_member` VALUES (357, 45, 34, '子女', '2026-01-09 00:25:37', '2026-01-09 00:25:37', 0);
INSERT INTO `household_member` VALUES (358, 46, 333, '其他', '2026-01-09 00:25:48', '2026-01-09 00:25:48', 0);
INSERT INTO `household_member` VALUES (359, 46, 169, '其他', '2026-01-09 00:25:47', '2026-01-09 00:25:47', 0);
INSERT INTO `household_member` VALUES (360, 47, 202, '配偶', '2026-01-09 00:25:57', '2026-01-09 00:25:57', 0);
INSERT INTO `household_member` VALUES (361, 48, 61, '子女', '2026-01-09 00:26:10', '2026-01-09 00:26:10', 0);
INSERT INTO `household_member` VALUES (362, 48, 237, '父母', '2026-01-09 00:26:09', '2026-01-09 00:26:09', 0);
INSERT INTO `household_member` VALUES (363, 48, 353, '父母', '2026-01-09 00:26:08', '2026-01-09 00:26:08', 0);
INSERT INTO `household_member` VALUES (364, 48, 59, '配偶', '2026-01-09 00:26:07', '2026-01-09 00:26:07', 0);
INSERT INTO `household_member` VALUES (365, 49, 195, '其他', '2026-01-09 00:26:17', '2026-01-09 00:26:17', 0);
INSERT INTO `household_member` VALUES (366, 50, 24, '子女', '2026-01-09 00:26:29', '2026-01-09 00:26:29', 0);
INSERT INTO `household_member` VALUES (367, 50, 52, '子女', '2026-01-09 00:26:28', '2026-01-09 00:26:28', 0);
INSERT INTO `household_member` VALUES (368, 50, 323, '配偶', '2026-01-09 00:26:27', '2026-01-09 00:26:27', 0);
INSERT INTO `household_member` VALUES (369, 51, 257, '父母', '2026-01-09 00:26:37', '2026-01-09 00:26:37', 0);
INSERT INTO `household_member` VALUES (370, 53, 180, '其他', '2026-01-09 00:26:57', '2026-01-09 00:26:57', 0);
INSERT INTO `household_member` VALUES (371, 54, 204, '配偶', '2026-01-09 00:27:10', '2026-01-09 00:27:10', 0);
INSERT INTO `household_member` VALUES (372, 54, 6, '子女', '2026-01-09 00:27:09', '2026-01-09 00:27:09', 0);
INSERT INTO `household_member` VALUES (373, 54, 64, '配偶', '2026-01-09 00:27:08', '2026-01-09 00:27:08', 0);
INSERT INTO `household_member` VALUES (374, 54, 256, '子女', '2026-01-09 00:27:07', '2026-01-09 00:27:07', 0);
INSERT INTO `household_member` VALUES (375, 55, 235, '子女', '2026-01-09 00:27:18', '2026-01-09 00:27:18', 0);
INSERT INTO `household_member` VALUES (376, 55, 359, '子女', '2026-01-09 00:27:17', '2026-01-09 00:27:17', 0);
INSERT INTO `household_member` VALUES (377, 56, 209, '配偶', '2026-01-09 00:27:28', '2026-01-09 00:27:28', 0);
INSERT INTO `household_member` VALUES (378, 56, 273, '父母', '2026-01-09 00:27:27', '2026-01-09 00:27:27', 0);
INSERT INTO `household_member` VALUES (379, 57, 153, '父母', '2026-01-09 00:27:39', '2026-01-09 00:27:39', 0);
INSERT INTO `household_member` VALUES (380, 57, 5, '子女', '2026-01-09 00:27:38', '2026-01-09 00:27:38', 0);
INSERT INTO `household_member` VALUES (381, 57, 56, '配偶', '2026-01-09 00:27:37', '2026-01-09 00:27:37', 0);
INSERT INTO `household_member` VALUES (382, 58, 115, '子女', '2026-01-09 00:27:49', '2026-01-09 00:27:49', 0);
INSERT INTO `household_member` VALUES (383, 58, 328, '子女', '2026-01-09 00:27:48', '2026-01-09 00:27:48', 0);
INSERT INTO `household_member` VALUES (384, 58, 243, '子女', '2026-01-09 00:27:47', '2026-01-09 00:27:47', 0);
INSERT INTO `household_member` VALUES (385, 59, 319, '子女', '2026-01-09 00:28:00', '2026-01-09 00:28:00', 0);
INSERT INTO `household_member` VALUES (386, 59, 268, '配偶', '2026-01-09 00:27:59', '2026-01-09 00:27:59', 0);
INSERT INTO `household_member` VALUES (387, 59, 418, '子女', '2026-01-09 00:27:58', '2026-01-09 00:27:58', 0);
INSERT INTO `household_member` VALUES (388, 59, 117, '其他', '2026-01-09 00:27:57', '2026-01-09 00:27:57', 0);
INSERT INTO `household_member` VALUES (389, 61, 253, '子女', '2026-01-09 00:28:17', '2026-01-09 00:28:17', 0);
INSERT INTO `household_member` VALUES (390, 62, 153, '子女', '2026-01-09 00:28:27', '2026-01-09 00:28:27', 0);
INSERT INTO `household_member` VALUES (391, 66, 184, '配偶', '2026-01-09 00:29:09', '2026-01-09 00:29:09', 0);
INSERT INTO `household_member` VALUES (392, 66, 311, '子女', '2026-01-09 00:29:08', '2026-01-09 00:29:08', 0);
INSERT INTO `household_member` VALUES (393, 66, 202, '父母', '2026-01-09 00:29:07', '2026-01-09 00:29:07', 0);
INSERT INTO `household_member` VALUES (394, 67, 142, '子女', '2026-01-09 00:29:20', '2026-01-09 00:29:20', 0);
INSERT INTO `household_member` VALUES (395, 67, 412, '其他', '2026-01-09 00:29:19', '2026-01-09 00:29:19', 0);
INSERT INTO `household_member` VALUES (396, 67, 246, '其他', '2026-01-09 00:29:18', '2026-01-09 00:29:18', 0);
INSERT INTO `household_member` VALUES (397, 67, 65, '父母', '2026-01-09 00:29:17', '2026-01-09 00:29:17', 0);
INSERT INTO `household_member` VALUES (398, 68, 370, '其他', '2026-01-09 00:29:30', '2026-01-09 00:29:30', 0);
INSERT INTO `household_member` VALUES (399, 68, 138, '子女', '2026-01-09 00:29:29', '2026-01-09 00:29:29', 0);
INSERT INTO `household_member` VALUES (400, 68, 186, '子女', '2026-01-09 00:29:28', '2026-01-09 00:29:28', 0);
INSERT INTO `household_member` VALUES (401, 68, 31, '父母', '2026-01-09 00:29:27', '2026-01-09 00:29:27', 0);
INSERT INTO `household_member` VALUES (402, 69, 267, '子女', '2026-01-09 00:29:38', '2026-01-09 00:29:38', 0);
INSERT INTO `household_member` VALUES (403, 69, 285, '子女', '2026-01-09 00:29:37', '2026-01-09 00:29:37', 0);
INSERT INTO `household_member` VALUES (404, 70, 315, '父母', '2026-01-09 00:29:48', '2026-01-09 00:29:48', 0);
INSERT INTO `household_member` VALUES (405, 70, 267, '子女', '2026-01-09 00:29:47', '2026-01-09 00:29:47', 0);
INSERT INTO `household_member` VALUES (406, 71, 425, '其他', '2026-01-09 00:29:59', '2026-01-09 00:29:59', 0);
INSERT INTO `household_member` VALUES (407, 71, 277, '配偶', '2026-01-09 00:29:58', '2026-01-09 00:29:58', 0);
INSERT INTO `household_member` VALUES (408, 71, 75, '子女', '2026-01-09 00:29:57', '2026-01-09 00:29:57', 0);
INSERT INTO `household_member` VALUES (409, 72, 285, '其他', '2026-01-09 00:30:09', '2026-01-09 00:30:09', 0);
INSERT INTO `household_member` VALUES (410, 72, 242, '其他', '2026-01-09 00:30:08', '2026-01-09 00:30:08', 0);
INSERT INTO `household_member` VALUES (411, 72, 231, '其他', '2026-01-09 00:30:07', '2026-01-09 00:30:07', 0);
INSERT INTO `household_member` VALUES (412, 73, 407, '父母', '2026-01-09 00:30:17', '2026-01-09 00:30:17', 0);
INSERT INTO `household_member` VALUES (413, 75, 242, '子女', '2026-01-09 00:30:38', '2026-01-09 00:30:38', 0);
INSERT INTO `household_member` VALUES (414, 75, 34, '子女', '2026-01-09 00:30:37', '2026-01-09 00:30:37', 0);
INSERT INTO `household_member` VALUES (415, 77, 264, '子女', '2026-01-09 00:30:57', '2026-01-09 00:30:57', 0);
INSERT INTO `household_member` VALUES (416, 78, 213, '子女', '2026-01-09 00:31:09', '2026-01-09 00:31:09', 0);
INSERT INTO `household_member` VALUES (417, 78, 322, '配偶', '2026-01-09 00:31:08', '2026-01-09 00:31:08', 0);
INSERT INTO `household_member` VALUES (418, 78, 133, '子女', '2026-01-09 00:31:07', '2026-01-09 00:31:07', 0);
INSERT INTO `household_member` VALUES (419, 79, 78, '子女', '2026-01-09 00:31:19', '2026-01-09 00:31:19', 0);
INSERT INTO `household_member` VALUES (420, 79, 275, '子女', '2026-01-09 00:31:18', '2026-01-09 00:31:18', 0);
INSERT INTO `household_member` VALUES (421, 79, 14, '配偶', '2026-01-09 00:31:17', '2026-01-09 00:31:17', 0);
INSERT INTO `household_member` VALUES (422, 80, 36, '子女', '2026-01-09 00:31:30', '2026-01-09 00:31:30', 0);
INSERT INTO `household_member` VALUES (423, 80, 114, '子女', '2026-01-09 00:31:29', '2026-01-09 00:31:29', 0);
INSERT INTO `household_member` VALUES (424, 80, 28, '子女', '2026-01-09 00:31:28', '2026-01-09 00:31:28', 0);
INSERT INTO `household_member` VALUES (425, 80, 399, '其他', '2026-01-09 00:31:27', '2026-01-09 00:31:27', 0);
INSERT INTO `household_member` VALUES (426, 82, 123, '配偶', '2026-01-09 00:31:50', '2026-01-09 00:31:50', 0);
INSERT INTO `household_member` VALUES (427, 82, 100, '配偶', '2026-01-09 00:31:49', '2026-01-09 00:31:49', 0);
INSERT INTO `household_member` VALUES (428, 82, 331, '父母', '2026-01-09 00:31:48', '2026-01-09 00:31:48', 0);
INSERT INTO `household_member` VALUES (429, 82, 433, '父母', '2026-01-09 00:31:47', '2026-01-09 00:31:47', 0);
INSERT INTO `household_member` VALUES (430, 83, 289, '其他', '2026-01-09 00:31:58', '2026-01-09 00:31:58', 0);
INSERT INTO `household_member` VALUES (431, 83, 249, '其他', '2026-01-09 00:31:57', '2026-01-09 00:31:57', 0);
INSERT INTO `household_member` VALUES (432, 84, 331, '其他', '2026-01-09 00:32:07', '2026-01-09 00:32:07', 0);
INSERT INTO `household_member` VALUES (433, 85, 438, '子女', '2026-01-09 00:32:18', '2026-01-09 00:32:18', 0);
INSERT INTO `household_member` VALUES (434, 85, 382, '子女', '2026-01-09 00:32:17', '2026-01-09 00:32:17', 0);
INSERT INTO `household_member` VALUES (435, 86, 165, '其他', '2026-01-09 00:32:28', '2026-01-09 00:32:28', 0);
INSERT INTO `household_member` VALUES (436, 86, 152, '其他', '2026-01-09 00:32:27', '2026-01-09 00:32:27', 0);
INSERT INTO `household_member` VALUES (437, 88, 35, '父母', '2026-01-09 00:32:47', '2026-01-09 00:32:47', 0);
INSERT INTO `household_member` VALUES (438, 89, 190, '父母', '2026-01-09 00:33:00', '2026-01-09 00:33:00', 0);
INSERT INTO `household_member` VALUES (439, 89, 141, '配偶', '2026-01-09 00:32:59', '2026-01-09 00:32:59', 0);
INSERT INTO `household_member` VALUES (440, 89, 67, '其他', '2026-01-09 00:32:58', '2026-01-09 00:32:58', 0);
INSERT INTO `household_member` VALUES (441, 89, 447, '子女', '2026-01-09 00:32:57', '2026-01-09 00:32:57', 0);
INSERT INTO `household_member` VALUES (442, 91, 240, '子女', '2026-01-09 00:33:20', '2026-01-09 00:33:20', 0);
INSERT INTO `household_member` VALUES (443, 91, 77, '子女', '2026-01-09 00:33:19', '2026-01-09 00:33:19', 0);
INSERT INTO `household_member` VALUES (444, 91, 198, '子女', '2026-01-09 00:33:18', '2026-01-09 00:33:18', 0);
INSERT INTO `household_member` VALUES (445, 91, 359, '子女', '2026-01-09 00:33:17', '2026-01-09 00:33:17', 0);
INSERT INTO `household_member` VALUES (446, 92, 91, '配偶', '2026-01-09 00:33:27', '2026-01-09 00:33:27', 0);
INSERT INTO `household_member` VALUES (447, 93, 297, '配偶', '2026-01-09 00:33:38', '2026-01-09 00:33:38', 0);
INSERT INTO `household_member` VALUES (448, 93, 324, '配偶', '2026-01-09 00:33:37', '2026-01-09 00:33:37', 0);
INSERT INTO `household_member` VALUES (449, 95, 324, '配偶', '2026-01-09 00:33:59', '2026-01-09 00:33:59', 0);
INSERT INTO `household_member` VALUES (450, 95, 94, '子女', '2026-01-09 00:33:58', '2026-01-09 00:33:58', 0);
INSERT INTO `household_member` VALUES (451, 95, 215, '子女', '2026-01-09 00:33:57', '2026-01-09 00:33:57', 0);
INSERT INTO `household_member` VALUES (452, 96, 88, '配偶', '2026-01-09 00:34:10', '2026-01-09 00:34:10', 0);
INSERT INTO `household_member` VALUES (453, 96, 186, '父母', '2026-01-09 00:34:09', '2026-01-09 00:34:09', 0);
INSERT INTO `household_member` VALUES (454, 96, 31, '子女', '2026-01-09 00:34:08', '2026-01-09 00:34:08', 0);
INSERT INTO `household_member` VALUES (455, 96, 257, '子女', '2026-01-09 00:34:07', '2026-01-09 00:34:07', 0);
INSERT INTO `household_member` VALUES (456, 97, 108, '子女', '2026-01-09 00:34:20', '2026-01-09 00:34:20', 0);
INSERT INTO `household_member` VALUES (457, 97, 185, '子女', '2026-01-09 00:34:19', '2026-01-09 00:34:19', 0);
INSERT INTO `household_member` VALUES (458, 97, 293, '配偶', '2026-01-09 00:34:18', '2026-01-09 00:34:18', 0);
INSERT INTO `household_member` VALUES (459, 97, 285, '子女', '2026-01-09 00:34:17', '2026-01-09 00:34:17', 0);
INSERT INTO `household_member` VALUES (460, 98, 84, '父母', '2026-01-09 00:34:27', '2026-01-09 00:34:27', 0);
INSERT INTO `household_member` VALUES (461, 99, 371, '其他', '2026-01-09 00:34:39', '2026-01-09 00:34:39', 0);
INSERT INTO `household_member` VALUES (462, 99, 442, '子女', '2026-01-09 00:34:38', '2026-01-09 00:34:38', 0);
INSERT INTO `household_member` VALUES (463, 99, 95, '父母', '2026-01-09 00:34:37', '2026-01-09 00:34:37', 0);
INSERT INTO `household_member` VALUES (464, 101, 70, '配偶', '2026-01-09 00:34:58', '2026-01-09 00:34:58', 0);
INSERT INTO `household_member` VALUES (465, 101, 32, '配偶', '2026-01-09 00:34:57', '2026-01-09 00:34:57', 0);
INSERT INTO `household_member` VALUES (466, 102, 424, '其他', '2026-01-09 00:35:07', '2026-01-09 00:35:07', 0);
INSERT INTO `household_member` VALUES (467, 104, 106, '子女', '2026-01-09 00:35:28', '2026-01-09 00:35:28', 0);
INSERT INTO `household_member` VALUES (468, 104, 437, '子女', '2026-01-09 00:35:27', '2026-01-09 00:35:27', 0);
INSERT INTO `household_member` VALUES (469, 106, 150, '配偶', '2026-01-09 00:35:50', '2026-01-09 00:35:50', 0);
INSERT INTO `household_member` VALUES (470, 106, 265, '父母', '2026-01-09 00:35:49', '2026-01-09 00:35:49', 0);
INSERT INTO `household_member` VALUES (471, 106, 71, '配偶', '2026-01-09 00:35:48', '2026-01-09 00:35:48', 0);
INSERT INTO `household_member` VALUES (472, 106, 313, '子女', '2026-01-09 00:35:47', '2026-01-09 00:35:47', 0);
INSERT INTO `household_member` VALUES (473, 107, 346, '其他', '2026-01-09 00:35:58', '2026-01-09 00:35:58', 0);
INSERT INTO `household_member` VALUES (474, 107, 158, '父母', '2026-01-09 00:35:57', '2026-01-09 00:35:57', 0);
INSERT INTO `household_member` VALUES (475, 108, 328, '子女', '2026-01-09 00:36:09', '2026-01-09 00:36:09', 0);
INSERT INTO `household_member` VALUES (476, 108, 315, '父母', '2026-01-09 00:36:08', '2026-01-09 00:36:08', 0);
INSERT INTO `household_member` VALUES (477, 108, 326, '子女', '2026-01-09 00:36:07', '2026-01-09 00:36:07', 0);
INSERT INTO `household_member` VALUES (478, 109, 206, '父母', '2026-01-09 00:36:18', '2026-01-09 00:36:18', 0);
INSERT INTO `household_member` VALUES (479, 109, 83, '子女', '2026-01-09 00:36:17', '2026-01-09 00:36:17', 0);
INSERT INTO `household_member` VALUES (480, 110, 165, '其他', '2026-01-09 00:36:30', '2026-01-09 00:36:30', 0);
INSERT INTO `household_member` VALUES (481, 110, 136, '父母', '2026-01-09 00:36:29', '2026-01-09 00:36:29', 0);
INSERT INTO `household_member` VALUES (482, 110, 197, '其他', '2026-01-09 00:36:28', '2026-01-09 00:36:28', 0);
INSERT INTO `household_member` VALUES (483, 110, 255, '父母', '2026-01-09 00:36:27', '2026-01-09 00:36:27', 0);
INSERT INTO `household_member` VALUES (484, 111, 366, '父母', '2026-01-09 00:36:39', '2026-01-09 00:36:39', 0);
INSERT INTO `household_member` VALUES (485, 111, 163, '配偶', '2026-01-09 00:36:38', '2026-01-09 00:36:38', 0);
INSERT INTO `household_member` VALUES (486, 111, 246, '子女', '2026-01-09 00:36:37', '2026-01-09 00:36:37', 0);
INSERT INTO `household_member` VALUES (487, 112, 61, '其他', '2026-01-09 00:36:47', '2026-01-09 00:36:47', 0);
INSERT INTO `household_member` VALUES (488, 113, 279, '子女', '2026-01-09 00:37:00', '2026-01-09 00:37:00', 0);
INSERT INTO `household_member` VALUES (489, 113, 247, '子女', '2026-01-09 00:36:59', '2026-01-09 00:36:59', 0);
INSERT INTO `household_member` VALUES (490, 113, 383, '父母', '2026-01-09 00:36:58', '2026-01-09 00:36:58', 0);
INSERT INTO `household_member` VALUES (491, 113, 97, '父母', '2026-01-09 00:36:57', '2026-01-09 00:36:57', 0);
INSERT INTO `household_member` VALUES (492, 114, 194, '子女', '2026-01-09 00:37:07', '2026-01-09 00:37:07', 0);
INSERT INTO `household_member` VALUES (493, 115, 107, '父母', '2026-01-09 00:37:18', '2026-01-09 00:37:18', 0);
INSERT INTO `household_member` VALUES (494, 115, 282, '其他', '2026-01-09 00:37:17', '2026-01-09 00:37:17', 0);
INSERT INTO `household_member` VALUES (495, 116, 340, '父母', '2026-01-09 00:37:29', '2026-01-09 00:37:29', 0);
INSERT INTO `household_member` VALUES (496, 116, 320, '其他', '2026-01-09 00:37:28', '2026-01-09 00:37:28', 0);
INSERT INTO `household_member` VALUES (497, 116, 312, '配偶', '2026-01-09 00:37:27', '2026-01-09 00:37:27', 0);
INSERT INTO `household_member` VALUES (498, 117, 348, '子女', '2026-01-09 00:37:38', '2026-01-09 00:37:38', 0);
INSERT INTO `household_member` VALUES (499, 117, 193, '配偶', '2026-01-09 00:37:37', '2026-01-09 00:37:37', 0);
INSERT INTO `household_member` VALUES (500, 118, 91, '其他', '2026-01-09 00:37:48', '2026-01-09 00:37:48', 0);
INSERT INTO `household_member` VALUES (501, 118, 438, '其他', '2026-01-09 00:37:47', '2026-01-09 00:37:47', 0);
INSERT INTO `household_member` VALUES (502, 119, 297, '配偶', '2026-01-09 00:37:57', '2026-01-09 00:37:57', 0);
INSERT INTO `household_member` VALUES (503, 120, 344, '子女', '2026-01-09 00:38:07', '2026-01-09 00:38:07', 0);
INSERT INTO `household_member` VALUES (504, 121, 269, '子女', '2026-01-09 00:38:17', '2026-01-09 00:38:17', 0);
INSERT INTO `household_member` VALUES (505, 122, 201, '其他', '2026-01-09 00:38:29', '2026-01-09 00:38:29', 0);
INSERT INTO `household_member` VALUES (506, 122, 37, '子女', '2026-01-09 00:38:28', '2026-01-09 00:38:28', 0);
INSERT INTO `household_member` VALUES (507, 122, 241, '其他', '2026-01-09 00:38:27', '2026-01-09 00:38:27', 0);
INSERT INTO `household_member` VALUES (508, 123, 191, '子女', '2026-01-09 00:38:37', '2026-01-09 00:38:37', 0);
INSERT INTO `household_member` VALUES (509, 124, 113, '子女', '2026-01-09 00:38:50', '2026-01-09 00:38:50', 0);
INSERT INTO `household_member` VALUES (510, 124, 425, '其他', '2026-01-09 00:38:49', '2026-01-09 00:38:49', 0);
INSERT INTO `household_member` VALUES (511, 124, 302, '子女', '2026-01-09 00:38:48', '2026-01-09 00:38:48', 0);
INSERT INTO `household_member` VALUES (512, 124, 111, '父母', '2026-01-09 00:38:47', '2026-01-09 00:38:47', 0);
INSERT INTO `household_member` VALUES (513, 125, 279, '其他', '2026-01-09 00:38:59', '2026-01-09 00:38:59', 0);
INSERT INTO `household_member` VALUES (514, 125, 249, '其他', '2026-01-09 00:38:58', '2026-01-09 00:38:58', 0);
INSERT INTO `household_member` VALUES (515, 125, 419, '父母', '2026-01-09 00:38:57', '2026-01-09 00:38:57', 0);
INSERT INTO `household_member` VALUES (516, 126, 322, '配偶', '2026-01-09 00:39:07', '2026-01-09 00:39:07', 0);
INSERT INTO `household_member` VALUES (517, 127, 90, '其他', '2026-01-09 00:39:18', '2026-01-09 00:39:18', 0);
INSERT INTO `household_member` VALUES (518, 127, 157, '子女', '2026-01-09 00:39:17', '2026-01-09 00:39:17', 0);
INSERT INTO `household_member` VALUES (519, 128, 377, '配偶', '2026-01-09 00:39:28', '2026-01-09 00:39:28', 0);
INSERT INTO `household_member` VALUES (520, 128, 340, '其他', '2026-01-09 00:39:27', '2026-01-09 00:39:27', 0);
INSERT INTO `household_member` VALUES (521, 129, 357, '配偶', '2026-01-09 00:39:40', '2026-01-09 00:39:40', 0);
INSERT INTO `household_member` VALUES (522, 129, 125, '子女', '2026-01-09 00:39:39', '2026-01-09 00:39:39', 0);
INSERT INTO `household_member` VALUES (523, 129, 63, '其他', '2026-01-09 00:39:38', '2026-01-09 00:39:38', 0);
INSERT INTO `household_member` VALUES (524, 129, 59, '父母', '2026-01-09 00:39:37', '2026-01-09 00:39:37', 0);
INSERT INTO `household_member` VALUES (525, 130, 106, '其他', '2026-01-09 00:39:50', '2026-01-09 00:39:50', 0);
INSERT INTO `household_member` VALUES (526, 130, 135, '其他', '2026-01-09 00:39:49', '2026-01-09 00:39:49', 0);
INSERT INTO `household_member` VALUES (527, 130, 256, '其他', '2026-01-09 00:39:48', '2026-01-09 00:39:48', 0);
INSERT INTO `household_member` VALUES (528, 130, 43, '配偶', '2026-01-09 00:39:47', '2026-01-09 00:39:47', 0);
INSERT INTO `household_member` VALUES (529, 131, 304, '其他', '2026-01-09 00:39:58', '2026-01-09 00:39:58', 0);
INSERT INTO `household_member` VALUES (530, 131, 434, '父母', '2026-01-09 00:39:57', '2026-01-09 00:39:57', 0);
INSERT INTO `household_member` VALUES (531, 132, 98, '子女', '2026-01-09 00:40:09', '2026-01-09 00:40:09', 0);
INSERT INTO `household_member` VALUES (532, 132, 203, '其他', '2026-01-09 00:40:08', '2026-01-09 00:40:08', 0);
INSERT INTO `household_member` VALUES (533, 132, 276, '其他', '2026-01-09 00:40:07', '2026-01-09 00:40:07', 0);
INSERT INTO `household_member` VALUES (534, 133, 267, '子女', '2026-01-09 00:40:19', '2026-01-09 00:40:19', 0);
INSERT INTO `household_member` VALUES (535, 133, 330, '子女', '2026-01-09 00:40:18', '2026-01-09 00:40:18', 0);
INSERT INTO `household_member` VALUES (536, 133, 272, '配偶', '2026-01-09 00:40:17', '2026-01-09 00:40:17', 0);
INSERT INTO `household_member` VALUES (537, 134, 392, '子女', '2026-01-09 00:40:29', '2026-01-09 00:40:29', 0);
INSERT INTO `household_member` VALUES (538, 134, 45, '其他', '2026-01-09 00:40:28', '2026-01-09 00:40:28', 0);
INSERT INTO `household_member` VALUES (539, 134, 28, '子女', '2026-01-09 00:40:27', '2026-01-09 00:40:27', 0);
INSERT INTO `household_member` VALUES (540, 135, 124, '父母', '2026-01-09 00:40:37', '2026-01-09 00:40:37', 0);
INSERT INTO `household_member` VALUES (541, 137, 294, '其他', '2026-01-09 00:40:57', '2026-01-09 00:40:57', 0);
INSERT INTO `household_member` VALUES (542, 138, 409, '子女', '2026-01-09 00:41:09', '2026-01-09 00:41:09', 0);
INSERT INTO `household_member` VALUES (543, 138, 171, '子女', '2026-01-09 00:41:08', '2026-01-09 00:41:08', 0);
INSERT INTO `household_member` VALUES (544, 138, 15, '父母', '2026-01-09 00:41:07', '2026-01-09 00:41:07', 0);
INSERT INTO `household_member` VALUES (545, 139, 100, '其他', '2026-01-09 00:41:17', '2026-01-09 00:41:17', 0);
INSERT INTO `household_member` VALUES (546, 140, 414, '父母', '2026-01-09 00:41:28', '2026-01-09 00:41:28', 0);
INSERT INTO `household_member` VALUES (547, 140, 204, '子女', '2026-01-09 00:41:27', '2026-01-09 00:41:27', 0);
INSERT INTO `household_member` VALUES (548, 141, 144, '其他', '2026-01-09 00:41:40', '2026-01-09 00:41:40', 0);
INSERT INTO `household_member` VALUES (549, 141, 449, '其他', '2026-01-09 00:41:39', '2026-01-09 00:41:39', 0);
INSERT INTO `household_member` VALUES (550, 141, 39, '父母', '2026-01-09 00:41:38', '2026-01-09 00:41:38', 0);
INSERT INTO `household_member` VALUES (551, 141, 284, '父母', '2026-01-09 00:41:37', '2026-01-09 00:41:37', 0);
INSERT INTO `household_member` VALUES (552, 143, 102, '子女', '2026-01-09 00:41:57', '2026-01-09 00:41:57', 0);
INSERT INTO `household_member` VALUES (553, 144, 266, '子女', '2026-01-09 00:42:10', '2026-01-09 00:42:10', 0);
INSERT INTO `household_member` VALUES (554, 144, 92, '子女', '2026-01-09 00:42:09', '2026-01-09 00:42:09', 0);
INSERT INTO `household_member` VALUES (555, 144, 248, '子女', '2026-01-09 00:42:08', '2026-01-09 00:42:08', 0);
INSERT INTO `household_member` VALUES (556, 144, 276, '子女', '2026-01-09 00:42:07', '2026-01-09 00:42:07', 0);
INSERT INTO `household_member` VALUES (557, 147, 304, '父母', '2026-01-09 00:42:38', '2026-01-09 00:42:38', 0);
INSERT INTO `household_member` VALUES (558, 147, 149, '子女', '2026-01-09 00:42:37', '2026-01-09 00:42:37', 0);
INSERT INTO `household_member` VALUES (559, 149, 80, '配偶', '2026-01-09 00:42:58', '2026-01-09 00:42:58', 0);
INSERT INTO `household_member` VALUES (560, 149, 186, '父母', '2026-01-09 00:42:57', '2026-01-09 00:42:57', 0);
INSERT INTO `household_member` VALUES (561, 150, 114, '其他', '2026-01-09 00:43:09', '2026-01-09 00:43:09', 0);
INSERT INTO `household_member` VALUES (562, 150, 32, '配偶', '2026-01-09 00:43:08', '2026-01-09 00:43:08', 0);
INSERT INTO `household_member` VALUES (563, 150, 26, '配偶', '2026-01-09 00:43:07', '2026-01-09 00:43:07', 0);
INSERT INTO `household_member` VALUES (564, 152, 194, '其他', '2026-01-09 00:43:29', '2026-01-09 00:43:29', 0);
INSERT INTO `household_member` VALUES (565, 152, 303, '子女', '2026-01-09 00:43:28', '2026-01-09 00:43:28', 0);
INSERT INTO `household_member` VALUES (566, 152, 405, '父母', '2026-01-09 00:43:27', '2026-01-09 00:43:27', 0);
INSERT INTO `household_member` VALUES (567, 153, 15, '父母', '2026-01-09 00:43:37', '2026-01-09 00:43:37', 0);
INSERT INTO `household_member` VALUES (568, 155, 236, '配偶', '2026-01-09 00:43:57', '2026-01-09 00:43:57', 0);
INSERT INTO `household_member` VALUES (569, 156, 287, '配偶', '2026-01-09 00:44:09', '2026-01-09 00:44:09', 0);
INSERT INTO `household_member` VALUES (570, 156, 171, '其他', '2026-01-09 00:44:08', '2026-01-09 00:44:08', 0);
INSERT INTO `household_member` VALUES (571, 156, 223, '子女', '2026-01-09 00:44:07', '2026-01-09 00:44:07', 0);
INSERT INTO `household_member` VALUES (572, 158, 447, '配偶', '2026-01-09 00:44:30', '2026-01-09 00:44:30', 0);
INSERT INTO `household_member` VALUES (573, 158, 184, '子女', '2026-01-09 00:44:29', '2026-01-09 00:44:29', 0);
INSERT INTO `household_member` VALUES (574, 158, 369, '其他', '2026-01-09 00:44:28', '2026-01-09 00:44:28', 0);
INSERT INTO `household_member` VALUES (575, 158, 399, '父母', '2026-01-09 00:44:27', '2026-01-09 00:44:27', 0);
INSERT INTO `household_member` VALUES (576, 159, 197, '子女', '2026-01-09 00:44:39', '2026-01-09 00:44:39', 0);
INSERT INTO `household_member` VALUES (577, 159, 157, '子女', '2026-01-09 00:44:38', '2026-01-09 00:44:38', 0);
INSERT INTO `household_member` VALUES (578, 159, 305, '父母', '2026-01-09 00:44:37', '2026-01-09 00:44:37', 0);
INSERT INTO `household_member` VALUES (579, 160, 318, '子女', '2026-01-09 00:44:50', '2026-01-09 00:44:50', 0);
INSERT INTO `household_member` VALUES (580, 160, 155, '配偶', '2026-01-09 00:44:49', '2026-01-09 00:44:49', 0);
INSERT INTO `household_member` VALUES (581, 160, 78, '其他', '2026-01-09 00:44:48', '2026-01-09 00:44:48', 0);
INSERT INTO `household_member` VALUES (582, 160, 87, '其他', '2026-01-09 00:44:47', '2026-01-09 00:44:47', 0);
INSERT INTO `household_member` VALUES (583, 161, 44, '子女', '2026-01-09 00:44:58', '2026-01-09 00:44:58', 0);
INSERT INTO `household_member` VALUES (584, 161, 56, '其他', '2026-01-09 00:44:57', '2026-01-09 00:44:57', 0);
INSERT INTO `household_member` VALUES (585, 162, 208, '配偶', '2026-01-09 00:45:09', '2026-01-09 00:45:09', 0);
INSERT INTO `household_member` VALUES (586, 162, 291, '子女', '2026-01-09 00:45:08', '2026-01-09 00:45:08', 0);
INSERT INTO `household_member` VALUES (587, 162, 63, '配偶', '2026-01-09 00:45:07', '2026-01-09 00:45:07', 0);
INSERT INTO `household_member` VALUES (588, 163, 367, '子女', '2026-01-09 00:45:20', '2026-01-09 00:45:20', 0);
INSERT INTO `household_member` VALUES (589, 163, 106, '子女', '2026-01-09 00:45:19', '2026-01-09 00:45:19', 0);
INSERT INTO `household_member` VALUES (590, 163, 46, '父母', '2026-01-09 00:45:18', '2026-01-09 00:45:18', 0);
INSERT INTO `household_member` VALUES (591, 163, 372, '子女', '2026-01-09 00:45:17', '2026-01-09 00:45:17', 0);
INSERT INTO `household_member` VALUES (592, 165, 352, '子女', '2026-01-09 00:45:39', '2026-01-09 00:45:39', 0);
INSERT INTO `household_member` VALUES (593, 165, 186, '配偶', '2026-01-09 00:45:38', '2026-01-09 00:45:38', 0);
INSERT INTO `household_member` VALUES (594, 165, 355, '子女', '2026-01-09 00:45:37', '2026-01-09 00:45:37', 0);
INSERT INTO `household_member` VALUES (595, 166, 112, '父母', '2026-01-09 00:45:47', '2026-01-09 00:45:47', 0);
INSERT INTO `household_member` VALUES (596, 167, 284, '其他', '2026-01-09 00:45:58', '2026-01-09 00:45:58', 0);
INSERT INTO `household_member` VALUES (597, 167, 341, '父母', '2026-01-09 00:45:57', '2026-01-09 00:45:57', 0);
INSERT INTO `household_member` VALUES (598, 168, 315, '其他', '2026-01-09 00:46:08', '2026-01-09 00:46:08', 0);
INSERT INTO `household_member` VALUES (599, 168, 209, '配偶', '2026-01-09 00:46:07', '2026-01-09 00:46:07', 0);
INSERT INTO `household_member` VALUES (600, 169, 229, '配偶', '2026-01-09 00:46:17', '2026-01-09 00:46:17', 0);
INSERT INTO `household_member` VALUES (601, 170, 224, '父母', '2026-01-09 00:46:30', '2026-01-09 00:46:30', 0);
INSERT INTO `household_member` VALUES (602, 170, 380, '子女', '2026-01-09 00:46:29', '2026-01-09 00:46:29', 0);
INSERT INTO `household_member` VALUES (603, 170, 258, '子女', '2026-01-09 00:46:28', '2026-01-09 00:46:28', 0);
INSERT INTO `household_member` VALUES (604, 170, 127, '子女', '2026-01-09 00:46:27', '2026-01-09 00:46:27', 0);
INSERT INTO `household_member` VALUES (605, 172, 79, '子女', '2026-01-09 00:46:48', '2026-01-09 00:46:48', 0);
INSERT INTO `household_member` VALUES (606, 172, 350, '配偶', '2026-01-09 00:46:47', '2026-01-09 00:46:47', 0);
INSERT INTO `household_member` VALUES (607, 173, 84, '其他', '2026-01-09 00:46:58', '2026-01-09 00:46:58', 0);
INSERT INTO `household_member` VALUES (608, 173, 238, '其他', '2026-01-09 00:46:57', '2026-01-09 00:46:57', 0);
INSERT INTO `household_member` VALUES (609, 174, 172, '父母', '2026-01-09 00:47:07', '2026-01-09 00:47:07', 0);
INSERT INTO `household_member` VALUES (610, 175, 215, '子女', '2026-01-09 00:47:17', '2026-01-09 00:47:17', 0);
INSERT INTO `household_member` VALUES (611, 177, 275, '其他', '2026-01-09 00:47:40', '2026-01-09 00:47:40', 0);
INSERT INTO `household_member` VALUES (612, 177, 148, '其他', '2026-01-09 00:47:39', '2026-01-09 00:47:39', 0);
INSERT INTO `household_member` VALUES (613, 177, 325, '子女', '2026-01-09 00:47:38', '2026-01-09 00:47:38', 0);
INSERT INTO `household_member` VALUES (614, 177, 332, '父母', '2026-01-09 00:47:37', '2026-01-09 00:47:37', 0);
INSERT INTO `household_member` VALUES (615, 179, 225, '子女', '2026-01-09 00:47:59', '2026-01-09 00:47:59', 0);
INSERT INTO `household_member` VALUES (616, 179, 379, '其他', '2026-01-09 00:47:58', '2026-01-09 00:47:58', 0);
INSERT INTO `household_member` VALUES (617, 179, 224, '其他', '2026-01-09 00:47:57', '2026-01-09 00:47:57', 0);
INSERT INTO `household_member` VALUES (618, 181, 383, '子女', '2026-01-09 00:48:20', '2026-01-09 00:48:20', 0);
INSERT INTO `household_member` VALUES (619, 181, 306, '其他', '2026-01-09 00:48:19', '2026-01-09 00:48:19', 0);
INSERT INTO `household_member` VALUES (620, 181, 122, '子女', '2026-01-09 00:48:18', '2026-01-09 00:48:18', 0);
INSERT INTO `household_member` VALUES (621, 181, 1, '子女', '2026-01-09 00:48:17', '2026-01-09 00:48:17', 0);
INSERT INTO `household_member` VALUES (622, 182, 277, '子女', '2026-01-09 00:48:27', '2026-01-09 00:48:27', 0);
INSERT INTO `household_member` VALUES (623, 183, 301, '父母', '2026-01-09 00:48:38', '2026-01-09 00:48:38', 0);
INSERT INTO `household_member` VALUES (624, 183, 77, '父母', '2026-01-09 00:48:37', '2026-01-09 00:48:37', 0);
INSERT INTO `household_member` VALUES (625, 184, 93, '子女', '2026-01-09 00:48:47', '2026-01-09 00:48:47', 0);
INSERT INTO `household_member` VALUES (626, 185, 165, '其他', '2026-01-09 00:48:59', '2026-01-09 00:48:59', 0);
INSERT INTO `household_member` VALUES (627, 185, 50, '其他', '2026-01-09 00:48:58', '2026-01-09 00:48:58', 0);
INSERT INTO `household_member` VALUES (628, 185, 357, '配偶', '2026-01-09 00:48:57', '2026-01-09 00:48:57', 0);
INSERT INTO `household_member` VALUES (629, 186, 25, '配偶', '2026-01-09 00:49:07', '2026-01-09 00:49:07', 0);
INSERT INTO `household_member` VALUES (630, 187, 412, '父母', '2026-01-09 00:49:19', '2026-01-09 00:49:19', 0);
INSERT INTO `household_member` VALUES (631, 187, 403, '子女', '2026-01-09 00:49:18', '2026-01-09 00:49:18', 0);
INSERT INTO `household_member` VALUES (632, 187, 340, '配偶', '2026-01-09 00:49:17', '2026-01-09 00:49:17', 0);
INSERT INTO `household_member` VALUES (633, 189, 132, '配偶', '2026-01-09 00:49:39', '2026-01-09 00:49:39', 0);
INSERT INTO `household_member` VALUES (634, 189, 345, '父母', '2026-01-09 00:49:38', '2026-01-09 00:49:38', 0);
INSERT INTO `household_member` VALUES (635, 189, 409, '子女', '2026-01-09 00:49:37', '2026-01-09 00:49:37', 0);
INSERT INTO `household_member` VALUES (636, 190, 156, '配偶', '2026-01-09 00:49:47', '2026-01-09 00:49:47', 0);
INSERT INTO `household_member` VALUES (637, 191, 190, '子女', '2026-01-09 00:49:57', '2026-01-09 00:49:57', 0);
INSERT INTO `household_member` VALUES (638, 192, 401, '子女', '2026-01-09 00:50:10', '2026-01-09 00:50:10', 0);
INSERT INTO `household_member` VALUES (639, 192, 54, '其他', '2026-01-09 00:50:09', '2026-01-09 00:50:09', 0);
INSERT INTO `household_member` VALUES (640, 192, 120, '配偶', '2026-01-09 00:50:08', '2026-01-09 00:50:08', 0);
INSERT INTO `household_member` VALUES (641, 192, 436, '子女', '2026-01-09 00:50:07', '2026-01-09 00:50:07', 0);
INSERT INTO `household_member` VALUES (642, 193, 444, '其他', '2026-01-09 00:50:18', '2026-01-09 00:50:18', 0);
INSERT INTO `household_member` VALUES (643, 193, 11, '其他', '2026-01-09 00:50:17', '2026-01-09 00:50:17', 0);
INSERT INTO `household_member` VALUES (644, 194, 260, '其他', '2026-01-09 00:50:27', '2026-01-09 00:50:27', 0);
INSERT INTO `household_member` VALUES (645, 195, 343, '其他', '2026-01-09 00:50:37', '2026-01-09 00:50:37', 0);
INSERT INTO `household_member` VALUES (646, 197, 114, '配偶', '2026-01-09 00:50:57', '2026-01-09 00:50:57', 0);
INSERT INTO `household_member` VALUES (647, 198, 436, '子女', '2026-01-09 00:51:08', '2026-01-09 00:51:08', 0);
INSERT INTO `household_member` VALUES (648, 198, 41, '子女', '2026-01-09 00:51:07', '2026-01-09 00:51:07', 0);
INSERT INTO `household_member` VALUES (649, 199, 12, '子女', '2026-01-09 00:51:20', '2026-01-09 00:51:20', 0);
INSERT INTO `household_member` VALUES (650, 199, 295, '子女', '2026-01-09 00:51:19', '2026-01-09 00:51:19', 0);
INSERT INTO `household_member` VALUES (651, 199, 92, '子女', '2026-01-09 00:51:18', '2026-01-09 00:51:18', 0);
INSERT INTO `household_member` VALUES (652, 199, 445, '子女', '2026-01-09 00:51:17', '2026-01-09 00:51:17', 0);
INSERT INTO `household_member` VALUES (653, 200, 416, '其他', '2026-01-09 00:51:27', '2026-01-09 00:51:27', 0);

-- ----------------------------
-- Table structure for resident
-- ----------------------------
DROP TABLE IF EXISTS `resident`;
CREATE TABLE `resident`  (
  `id` bigint NOT NULL AUTO_INCREMENT COMMENT '居民ID',
  `user_id` bigint NULL DEFAULT NULL COMMENT '用户ID（关联sys_user表）',
  `real_name` varchar(50) CHARACTER SET utf8mb4 COLLATE utf8mb4_unicode_ci NOT NULL COMMENT '真实姓名',
  `id_card` varchar(18) CHARACTER SET utf8mb4 COLLATE utf8mb4_unicode_ci NULL DEFAULT NULL COMMENT '身份证号',
  `gender` int NULL DEFAULT NULL COMMENT '性别：0-女, 1-男',
  `birth_date` date NULL DEFAULT NULL COMMENT '出生日期',
  `nationality` varchar(50) CHARACTER SET utf8mb4 COLLATE utf8mb4_unicode_ci NULL DEFAULT '汉族' COMMENT '民族',
  `registered_address` varchar(255) CHARACTER SET utf8mb4 COLLATE utf8mb4_unicode_ci NULL DEFAULT NULL COMMENT '户籍地址',
  `current_address` varchar(255) CHARACTER SET utf8mb4 COLLATE utf8mb4_unicode_ci NULL DEFAULT NULL COMMENT '现居住地址',
  `occupation` varchar(100) CHARACTER SET utf8mb4 COLLATE utf8mb4_unicode_ci NULL DEFAULT NULL COMMENT '职业',
  `education` varchar(50) CHARACTER SET utf8mb4 COLLATE utf8mb4_unicode_ci NULL DEFAULT NULL COMMENT '文化程度',
  `marital_status` int NULL DEFAULT NULL COMMENT '婚姻状况：0-未婚, 1-已婚, 2-离异, 3-丧偶',
  `contact_phone` varchar(20) CHARACTER SET utf8mb4 COLLATE utf8mb4_unicode_ci NULL DEFAULT NULL COMMENT '联系电话',
  `emergency_contact` varchar(50) CHARACTER SET utf8mb4 COLLATE utf8mb4_unicode_ci NULL DEFAULT NULL COMMENT '紧急联系人',
  `emergency_phone` varchar(20) CHARACTER SET utf8mb4 COLLATE utf8mb4_unicode_ci NULL DEFAULT NULL COMMENT '紧急联系人电话',
  `remark` varchar(500) CHARACTER SET utf8mb4 COLLATE utf8mb4_unicode_ci NULL DEFAULT NULL COMMENT '备注',
  `avatar` varchar(255) CHARACTER SET utf8mb4 COLLATE utf8mb4_unicode_ci NULL DEFAULT NULL COMMENT '头像路径',
  `id_card_photo` varchar(255) CHARACTER SET utf8mb4 COLLATE utf8mb4_unicode_ci NULL DEFAULT NULL COMMENT '身份证照片路径',
  `create_time` datetime NULL DEFAULT CURRENT_TIMESTAMP COMMENT '创建时间',
  `update_time` datetime NULL DEFAULT CURRENT_TIMESTAMP ON UPDATE CURRENT_TIMESTAMP COMMENT '更新时间',
  `deleted` int NULL DEFAULT 0 COMMENT '逻辑删除：0-未删除, 1-已删除',
  PRIMARY KEY (`id`) USING BTREE,
  UNIQUE INDEX `uk_id_card`(`id_card` ASC) USING BTREE,
  INDEX `idx_user_id`(`user_id` ASC) USING BTREE,
  INDEX `idx_real_name`(`real_name` ASC) USING BTREE
) ENGINE = InnoDB AUTO_INCREMENT = 451 CHARACTER SET = utf8mb4 COLLATE = utf8mb4_unicode_ci COMMENT = '居民表' ROW_FORMAT = Dynamic;

-- ----------------------------
-- Records of resident
-- ----------------------------
INSERT INTO `resident` VALUES (1, 1, '宋刚静', '110183196010138153', 1, '1960-10-13', '壮族', '北京市东城区第四街道31号', '北京市西城区第九街道52号', '教师', '研究生', 1, '13800001001', '紧急联系人1', '13900002001', NULL, NULL, NULL, '2024-01-02 10:00:00', '2024-01-02 10:00:00', 0);
INSERT INTO `resident` VALUES (2, 2, '蒋勇建', '110121198905253732', 1, '1989-05-25', '满族', '北京市丰台区第九街道81号', '北京市海淀区第四街道91号', '工程师', '研究生', 3, '13800001002', '紧急联系人2', '13900002002', NULL, NULL, NULL, '2024-01-03 10:00:00', '2024-01-03 10:00:00', 0);
INSERT INTO `resident` VALUES (3, 3, '贾强建', '110149196912194373', 1, '1969-12-19', '满族', '北京市东城区第九街道20号', '北京市西城区第三街道43号', '公务员', '研究生', 1, '13800001003', '紧急联系人3', '13900002003', NULL, NULL, NULL, '2024-01-04 10:00:00', '2024-01-04 10:00:00', 0);
INSERT INTO `resident` VALUES (4, 4, '徐勇平', '110173199506231760', 0, '1995-06-23', '满族', '北京市丰台区第九街道47号', '北京市丰台区第二街道10号', '退休', '大专', 3, '13800001004', '紧急联系人4', '13900002004', NULL, NULL, NULL, '2024-01-05 10:00:00', '2024-01-05 10:00:00', 0);
INSERT INTO `resident` VALUES (5, 5, '贺勇华', '110198195907035494', 1, '1959-07-03', '满族', '北京市丰台区第五街道61号', '北京市东城区第一街道99号', '自由职业', '大专', 0, '13800001005', '紧急联系人5', '13900002005', NULL, NULL, NULL, '2024-01-06 10:00:00', '2024-01-06 10:00:00', 0);
INSERT INTO `resident` VALUES (6, 6, '叶明', '110160200012036963', 0, '2000-12-03', '满族', '北京市东城区第八街道84号', '北京市丰台区第四街道76号', '学生', '大专', 2, '13800001006', '紧急联系人6', '13900002006', NULL, NULL, NULL, '2024-01-07 10:00:00', '2024-01-07 10:00:00', 0);
INSERT INTO `resident` VALUES (7, 7, '方伟', '110190196606130873', 1, '1966-06-13', '回族', '北京市东城区第九街道82号', '北京市东城区第八街道87号', '教师', '大专', 0, '13800001007', '紧急联系人7', '13900002007', NULL, NULL, NULL, '2024-01-08 10:00:00', '2024-01-08 10:00:00', 0);
INSERT INTO `resident` VALUES (8, 8, '龚刚静', '110136198905260100', 0, '1989-05-26', '汉族', '北京市丰台区第四街道19号', '北京市东城区第二街道60号', '公务员', '大专', 2, '13800001008', '紧急联系人8', '13900002008', NULL, NULL, NULL, '2024-01-09 10:00:00', '2024-01-09 10:00:00', 0);
INSERT INTO `resident` VALUES (9, 9, '文敏英', '110160196008145489', 0, '1960-08-14', '满族', '北京市西城区第三街道45号', '北京市西城区第六街道92号', '教师', '初中', 1, '13800001009', '紧急联系人9', '13900002009', NULL, NULL, NULL, '2024-01-10 10:00:00', '2024-01-10 10:00:00', 0);
INSERT INTO `resident` VALUES (10, 10, '魏娜', '110140197701208724', 0, '1977-01-20', '壮族', '北京市朝阳区第二街道28号', '北京市丰台区第一街道31号', '公务员', '研究生', 3, '13800001010', '紧急联系人10', '13900002010', NULL, NULL, NULL, '2024-01-11 10:00:00', '2024-01-11 10:00:00', 0);
INSERT INTO `resident` VALUES (11, 11, '段磊磊', '110108198402203230', 1, '1984-02-20', '壮族', '北京市东城区第四街道14号', '北京市西城区第一街道83号', '退休', '初中', 2, '13800001011', '紧急联系人11', '13900002011', NULL, NULL, NULL, '2024-01-12 10:00:00', '2024-01-12 10:00:00', 0);
INSERT INTO `resident` VALUES (12, 12, '龙刚静', '110184199904219627', 0, '1999-04-21', '壮族', '北京市海淀区第三街道78号', '北京市丰台区第六街道3号', '工程师', '大专', 3, '13800001012', '紧急联系人12', '13900002012', NULL, NULL, NULL, '2024-01-13 10:00:00', '2024-01-13 10:00:00', 0);
INSERT INTO `resident` VALUES (13, 13, '丁芳娜', '110196195111098330', 1, '1951-11-09', '壮族', '北京市西城区第十街道14号', '北京市东城区第四街道36号', '学生', '小学', 2, '13800001013', '紧急联系人13', '13900002013', NULL, NULL, NULL, '2024-01-14 10:00:00', '2024-01-14 10:00:00', 0);
INSERT INTO `resident` VALUES (14, 14, '任桂', '110185199201229113', 1, '1992-01-22', '回族', '北京市朝阳区第一街道57号', '北京市丰台区第六街道3号', '企业职员', '本科', 1, '13800001014', '紧急联系人14', '13900002014', NULL, NULL, NULL, '2024-01-15 10:00:00', '2024-01-15 10:00:00', 0);
INSERT INTO `resident` VALUES (15, 15, '许杰', '110183200012057000', 0, '2000-12-05', '壮族', '北京市海淀区第四街道51号', '北京市西城区第四街道20号', '学生', '高中', 3, '13800001015', '紧急联系人15', '13900002015', NULL, NULL, NULL, '2024-01-16 10:00:00', '2024-01-16 10:00:00', 0);
INSERT INTO `resident` VALUES (16, 16, '雷文华', '110185198303093418', 1, '1983-03-09', '满族', '北京市东城区第九街道8号', '北京市丰台区第一街道79号', '自由职业', '小学', 2, '13800001016', '紧急联系人16', '13900002016', NULL, NULL, NULL, '2024-01-17 10:00:00', '2024-01-17 10:00:00', 0);
INSERT INTO `resident` VALUES (17, 17, '侯力华', '110194196201124967', 0, '1962-01-12', '满族', '北京市东城区第七街道33号', '北京市东城区第三街道16号', '医生', '初中', 0, '13800001017', '紧急联系人17', '13900002017', NULL, NULL, NULL, '2024-01-18 10:00:00', '2024-01-18 10:00:00', 0);
INSERT INTO `resident` VALUES (18, 18, '侯建丽', '110116198110098167', 0, '1981-10-09', '蒙古族', '北京市丰台区第八街道74号', '北京市西城区第三街道98号', '教师', '小学', 1, '13800001018', '紧急联系人18', '13900002018', NULL, NULL, NULL, '2024-01-19 10:00:00', '2024-01-19 10:00:00', 0);
INSERT INTO `resident` VALUES (19, 19, '康娟', '110181196501118364', 0, '1965-01-11', '汉族', '北京市丰台区第五街道63号', '北京市东城区第七街道97号', '退休', '研究生', 0, '13800001019', '紧急联系人19', '13900002019', NULL, NULL, NULL, '2024-01-20 10:00:00', '2024-01-20 10:00:00', 0);
INSERT INTO `resident` VALUES (20, 20, '史静', '110185199810075402', 0, '1998-10-07', '壮族', '北京市东城区第一街道3号', '北京市朝阳区第二街道68号', '学生', '高中', 0, '13800001020', '紧急联系人20', '13900002020', NULL, NULL, NULL, '2024-01-21 10:00:00', '2024-01-21 10:00:00', 0);
INSERT INTO `resident` VALUES (21, 21, '高涛', '110131197204131597', 1, '1972-04-13', '满族', '北京市西城区第二街道49号', '北京市丰台区第八街道40号', '企业职员', '本科', 1, '13800001021', '紧急联系人21', '13900002021', NULL, NULL, NULL, '2024-01-22 10:00:00', '2024-01-22 10:00:00', 0);
INSERT INTO `resident` VALUES (22, 22, '丁力秀', '110175195002188514', 1, '1950-02-18', '回族', '北京市东城区第八街道55号', '北京市西城区第七街道92号', '企业职员', '初中', 1, '13800001022', '紧急联系人22', '13900002022', NULL, NULL, NULL, '2024-01-23 10:00:00', '2024-01-23 10:00:00', 0);
INSERT INTO `resident` VALUES (23, 23, '黄丽娜', '110176199905125773', 1, '1999-05-12', '汉族', '北京市东城区第二街道41号', '北京市东城区第十街道81号', '医生', '本科', 3, '13800001023', '紧急联系人23', '13900002023', NULL, NULL, NULL, '2024-01-24 10:00:00', '2024-01-24 10:00:00', 0);
INSERT INTO `resident` VALUES (24, 24, '范超', '110136198710052624', 0, '1987-10-05', '回族', '北京市西城区第三街道41号', '北京市海淀区第四街道1号', '学生', '初中', 2, '13800001024', '紧急联系人24', '13900002024', NULL, NULL, NULL, '2024-01-25 10:00:00', '2024-01-25 10:00:00', 0);
INSERT INTO `resident` VALUES (25, 25, '李英伟', '110144195504083440', 0, '1955-04-08', '蒙古族', '北京市丰台区第九街道82号', '北京市西城区第十街道20号', '医生', '高中', 1, '13800001025', '紧急联系人25', '13900002025', NULL, NULL, NULL, '2024-01-26 10:00:00', '2024-01-26 10:00:00', 0);
INSERT INTO `resident` VALUES (26, 26, '苏刚', '110137196505252090', 1, '1965-05-25', '壮族', '北京市东城区第五街道36号', '北京市海淀区第九街道25号', '企业职员', '小学', 3, '13800001026', '紧急联系人26', '13900002026', NULL, NULL, NULL, '2024-01-27 10:00:00', '2024-01-27 10:00:00', 0);
INSERT INTO `resident` VALUES (27, 27, '张军', '110152197209105852', 1, '1972-09-10', '回族', '北京市西城区第六街道96号', '北京市海淀区第五街道28号', '医生', '研究生', 1, '13800001027', '紧急联系人27', '13900002027', NULL, NULL, NULL, '2024-01-28 10:00:00', '2024-01-28 10:00:00', 0);
INSERT INTO `resident` VALUES (28, 28, '罗涛', '110164195908147264', 0, '1959-08-14', '满族', '北京市东城区第三街道81号', '北京市海淀区第三街道18号', '医生', '高中', 1, '13800001028', '紧急联系人28', '13900002028', NULL, NULL, NULL, '2024-01-29 10:00:00', '2024-01-29 10:00:00', 0);
INSERT INTO `resident` VALUES (29, 29, '汪娟勇', '110186196510021821', 0, '1965-10-02', '满族', '北京市西城区第九街道94号', '北京市朝阳区第四街道60号', '退休', '小学', 1, '13800001029', '紧急联系人29', '13900002029', NULL, NULL, NULL, '2024-01-30 10:00:00', '2024-01-30 10:00:00', 0);
INSERT INTO `resident` VALUES (30, 30, '董力', '110188197409121081', 0, '1974-09-12', '蒙古族', '北京市丰台区第十街道32号', '北京市东城区第八街道40号', '学生', '研究生', 1, '13800001030', '紧急联系人30', '13900002030', NULL, NULL, NULL, '2024-01-31 10:00:00', '2024-01-31 10:00:00', 0);
INSERT INTO `resident` VALUES (31, 31, '潘勇', '110180196507190070', 1, '1965-07-19', '汉族', '北京市朝阳区第四街道23号', '北京市朝阳区第七街道12号', '企业职员', '高中', 3, '13800001031', '紧急联系人31', '13900002031', NULL, NULL, NULL, '2024-02-01 10:00:00', '2024-02-01 10:00:00', 0);
INSERT INTO `resident` VALUES (32, 32, '杨勇静', '110171196203141026', 0, '1962-03-14', '壮族', '北京市西城区第六街道76号', '北京市海淀区第一街道52号', '公务员', '高中', 0, '13800001032', '紧急联系人32', '13900002032', NULL, NULL, NULL, '2024-02-02 10:00:00', '2024-02-02 10:00:00', 0);
INSERT INTO `resident` VALUES (33, 33, '韩文', '110156196308089414', 1, '1963-08-08', '壮族', '北京市海淀区第八街道73号', '北京市西城区第五街道75号', '工程师', '高中', 3, '13800001033', '紧急联系人33', '13900002033', NULL, NULL, NULL, '2024-02-03 10:00:00', '2024-02-03 10:00:00', 0);
INSERT INTO `resident` VALUES (34, 34, '田英', '110181197811253649', 0, '1978-11-25', '回族', '北京市西城区第八街道18号', '北京市东城区第十街道65号', '工程师', '研究生', 1, '13800001034', '紧急联系人34', '13900002034', NULL, NULL, NULL, '2024-02-04 10:00:00', '2024-02-04 10:00:00', 0);
INSERT INTO `resident` VALUES (35, 35, '白丽磊', '110123196708074444', 0, '1967-08-07', '汉族', '北京市海淀区第二街道11号', '北京市朝阳区第九街道25号', '企业职员', '初中', 3, '13800001035', '紧急联系人35', '13900002035', NULL, NULL, NULL, '2024-02-05 10:00:00', '2024-02-05 10:00:00', 0);
INSERT INTO `resident` VALUES (36, 36, '方桂艳', '110106196811103037', 1, '1968-11-10', '满族', '北京市朝阳区第六街道13号', '北京市丰台区第六街道90号', '自由职业', '小学', 3, '13800001036', '紧急联系人36', '13900002036', NULL, NULL, NULL, '2024-02-06 10:00:00', '2024-02-06 10:00:00', 0);
INSERT INTO `resident` VALUES (37, 37, '孟平英', '110168200108157881', 0, '2001-08-15', '汉族', '北京市丰台区第四街道79号', '北京市丰台区第一街道40号', '退休', '本科', 2, '13800001037', '紧急联系人37', '13900002037', NULL, NULL, NULL, '2024-02-07 10:00:00', '2024-02-07 10:00:00', 0);
INSERT INTO `resident` VALUES (38, 38, '袁敏涛', '110139195006045145', 0, '1950-06-04', '壮族', '北京市丰台区第三街道23号', '北京市海淀区第三街道2号', '公务员', '研究生', 1, '13800001038', '紧急联系人38', '13900002038', NULL, NULL, NULL, '2024-02-08 10:00:00', '2024-02-08 10:00:00', 0);
INSERT INTO `resident` VALUES (39, 39, '郭娟华', '110106196410093774', 1, '1964-10-09', '汉族', '北京市朝阳区第三街道2号', '北京市海淀区第七街道23号', '医生', '初中', 1, '13800001039', '紧急联系人39', '13900002039', NULL, NULL, NULL, '2024-02-09 10:00:00', '2024-02-09 10:00:00', 0);
INSERT INTO `resident` VALUES (40, 40, '赖涛英', '110104199705075351', 1, '1997-05-07', '回族', '北京市东城区第六街道48号', '北京市丰台区第八街道35号', '公务员', '小学', 3, '13800001040', '紧急联系人40', '13900002040', NULL, NULL, NULL, '2024-02-10 10:00:00', '2024-02-10 10:00:00', 0);
INSERT INTO `resident` VALUES (41, 41, '锺洋', '110178195801161874', 1, '1958-01-16', '汉族', '北京市丰台区第五街道87号', '北京市丰台区第四街道58号', '退休', '小学', 1, '13800001041', '紧急联系人41', '13900002041', NULL, NULL, NULL, '2024-02-11 10:00:00', '2024-02-11 10:00:00', 0);
INSERT INTO `resident` VALUES (42, 42, '毛伟辉', '110199197502080852', 1, '1975-02-08', '蒙古族', '北京市丰台区第二街道31号', '北京市朝阳区第五街道6号', '退休', '高中', 1, '13800001042', '紧急联系人42', '13900002042', NULL, NULL, NULL, '2024-02-12 10:00:00', '2024-02-12 10:00:00', 0);
INSERT INTO `resident` VALUES (43, 43, '姜明丽', '110116195608233218', 1, '1956-08-23', '汉族', '北京市丰台区第九街道68号', '北京市丰台区第六街道88号', '学生', '高中', 3, '13800001043', '紧急联系人43', '13900002043', NULL, NULL, NULL, '2024-02-13 10:00:00', '2024-02-13 10:00:00', 0);
INSERT INTO `resident` VALUES (44, 44, '任洋勇', '110132196905195788', 0, '1969-05-19', '回族', '北京市朝阳区第七街道83号', '北京市海淀区第三街道2号', '公务员', '初中', 3, '13800001044', '紧急联系人44', '13900002044', NULL, NULL, NULL, '2024-02-14 10:00:00', '2024-02-14 10:00:00', 0);
INSERT INTO `resident` VALUES (45, 45, '叶磊平', '110132199302105593', 1, '1993-02-10', '满族', '北京市海淀区第七街道28号', '北京市西城区第七街道81号', '教师', '本科', 3, '13800001045', '紧急联系人45', '13900002045', NULL, NULL, NULL, '2024-02-15 10:00:00', '2024-02-15 10:00:00', 0);
INSERT INTO `resident` VALUES (46, 46, '常英刚', '110163197003246233', 1, '1970-03-24', '蒙古族', '北京市海淀区第八街道4号', '北京市丰台区第七街道33号', '自由职业', '大专', 2, '13800001046', '紧急联系人46', '13900002046', NULL, NULL, NULL, '2024-02-16 10:00:00', '2024-02-16 10:00:00', 0);
INSERT INTO `resident` VALUES (47, 47, '姚英', '110170197204031773', 1, '1972-04-03', '回族', '北京市海淀区第五街道59号', '北京市西城区第七街道97号', '学生', '研究生', 2, '13800001047', '紧急联系人47', '13900002047', NULL, NULL, NULL, '2024-02-17 10:00:00', '2024-02-17 10:00:00', 0);
INSERT INTO `resident` VALUES (48, 48, '蒋芳', '110199198807154113', 1, '1988-07-15', '汉族', '北京市朝阳区第四街道34号', '北京市东城区第五街道32号', '医生', '本科', 1, '13800001048', '紧急联系人48', '13900002048', NULL, NULL, NULL, '2024-02-18 10:00:00', '2024-02-18 10:00:00', 0);
INSERT INTO `resident` VALUES (49, 49, '范涛芳', '110169199306230418', 1, '1993-06-23', '汉族', '北京市东城区第六街道12号', '北京市丰台区第八街道16号', '企业职员', '大专', 0, '13800001049', '紧急联系人49', '13900002049', NULL, NULL, NULL, '2024-02-19 10:00:00', '2024-02-19 10:00:00', 0);
INSERT INTO `resident` VALUES (50, 50, '贾文', '110192197904286558', 1, '1979-04-28', '满族', '北京市朝阳区第五街道84号', '北京市丰台区第六街道17号', '工程师', '研究生', 3, '13800001050', '紧急联系人50', '13900002050', NULL, NULL, NULL, '2024-02-20 10:00:00', '2024-02-20 10:00:00', 0);
INSERT INTO `resident` VALUES (51, 51, '顾英刚', '110130198606167910', 1, '1986-06-16', '蒙古族', '北京市朝阳区第三街道88号', '北京市东城区第八街道85号', '退休', '研究生', 0, '13800001051', '紧急联系人51', '13900002051', NULL, NULL, NULL, '2024-02-21 10:00:00', '2024-02-21 10:00:00', 0);
INSERT INTO `resident` VALUES (52, 52, '袁英辉', '110189196207041182', 0, '1962-07-04', '壮族', '北京市西城区第八街道21号', '北京市东城区第二街道63号', '企业职员', '小学', 1, '13800001052', '紧急联系人52', '13900002052', NULL, NULL, NULL, '2024-02-22 10:00:00', '2024-02-22 10:00:00', 0);
INSERT INTO `resident` VALUES (53, 53, '苏超建', '110185198605228898', 1, '1986-05-22', '汉族', '北京市丰台区第四街道97号', '北京市东城区第十街道50号', '企业职员', '高中', 1, '13800001053', '紧急联系人53', '13900002053', NULL, NULL, NULL, '2024-02-23 10:00:00', '2024-02-23 10:00:00', 0);
INSERT INTO `resident` VALUES (54, 54, '陆军', '110127199904174867', 0, '1999-04-17', '回族', '北京市西城区第六街道33号', '北京市丰台区第三街道85号', '工程师', '初中', 1, '13800001054', '紧急联系人54', '13900002054', NULL, NULL, NULL, '2024-02-24 10:00:00', '2024-02-24 10:00:00', 0);
INSERT INTO `resident` VALUES (55, 55, '萧丽', '110155200006179824', 0, '2000-06-17', '壮族', '北京市丰台区第一街道37号', '北京市东城区第八街道66号', '退休', '高中', 2, '13800001055', '紧急联系人55', '13900002055', NULL, NULL, NULL, '2024-02-25 10:00:00', '2024-02-25 10:00:00', 0);
INSERT INTO `resident` VALUES (56, 56, '阎明', '110118199510216679', 1, '1995-10-21', '满族', '北京市海淀区第四街道100号', '北京市丰台区第九街道54号', '退休', '高中', 3, '13800001056', '紧急联系人56', '13900002056', NULL, NULL, NULL, '2024-02-26 10:00:00', '2024-02-26 10:00:00', 0);
INSERT INTO `resident` VALUES (57, 57, '薛英勇', '110167199911194019', 1, '1999-11-19', '汉族', '北京市丰台区第八街道11号', '北京市海淀区第三街道13号', '退休', '大专', 0, '13800001057', '紧急联系人57', '13900002057', NULL, NULL, NULL, '2024-02-27 10:00:00', '2024-02-27 10:00:00', 0);
INSERT INTO `resident` VALUES (58, 58, '陆伟', '110124196612020761', 0, '1966-12-02', '回族', '北京市丰台区第八街道23号', '北京市东城区第三街道8号', '公务员', '初中', 3, '13800001058', '紧急联系人58', '13900002058', NULL, NULL, NULL, '2024-02-28 10:00:00', '2024-02-28 10:00:00', 0);
INSERT INTO `resident` VALUES (59, 59, '阎秀丽', '110169198107022082', 0, '1981-07-02', '汉族', '北京市海淀区第六街道31号', '北京市东城区第九街道1号', '公务员', '初中', 0, '13800001059', '紧急联系人59', '13900002059', NULL, NULL, NULL, '2024-02-29 10:00:00', '2024-02-29 10:00:00', 0);
INSERT INTO `resident` VALUES (60, 60, '邵华建', '110109196612221131', 1, '1966-12-22', '汉族', '北京市西城区第六街道58号', '北京市朝阳区第三街道56号', '教师', '本科', 1, '13800001060', '紧急联系人60', '13900002060', NULL, NULL, NULL, '2024-03-01 10:00:00', '2024-03-01 10:00:00', 0);
INSERT INTO `resident` VALUES (61, 61, '石桂华', '110153198212033530', 1, '1982-12-03', '蒙古族', '北京市东城区第一街道22号', '北京市丰台区第二街道68号', '教师', '初中', 1, '13800001061', '紧急联系人61', '13900002061', NULL, NULL, NULL, '2024-03-02 10:00:00', '2024-03-02 10:00:00', 0);
INSERT INTO `resident` VALUES (62, 62, '杨建丽', '110145195109093438', 1, '1951-09-09', '汉族', '北京市朝阳区第四街道33号', '北京市西城区第八街道100号', '学生', '小学', 3, '13800001062', '紧急联系人62', '13900002062', NULL, NULL, NULL, '2024-03-03 10:00:00', '2024-03-03 10:00:00', 0);
INSERT INTO `resident` VALUES (63, 63, '程辉英', '110154195703187822', 0, '1957-03-18', '回族', '北京市丰台区第八街道61号', '北京市丰台区第八街道19号', '企业职员', '小学', 0, '13800001063', '紧急联系人63', '13900002063', NULL, NULL, NULL, '2024-03-04 10:00:00', '2024-03-04 10:00:00', 0);
INSERT INTO `resident` VALUES (64, 64, '姚杰', '110149197405211755', 1, '1974-05-21', '汉族', '北京市朝阳区第七街道14号', '北京市东城区第三街道93号', '退休', '小学', 2, '13800001064', '紧急联系人64', '13900002064', NULL, NULL, NULL, '2024-03-05 10:00:00', '2024-03-05 10:00:00', 0);
INSERT INTO `resident` VALUES (65, 65, '姚英', '110146195312139551', 1, '1953-12-13', '回族', '北京市丰台区第八街道85号', '北京市朝阳区第十街道65号', '工程师', '高中', 3, '13800001065', '紧急联系人65', '13900002065', NULL, NULL, NULL, '2024-03-06 10:00:00', '2024-03-06 10:00:00', 0);
INSERT INTO `resident` VALUES (66, 66, '崔英', '110155196903232870', 1, '1969-03-23', '蒙古族', '北京市东城区第九街道99号', '北京市海淀区第一街道92号', '企业职员', '研究生', 3, '13800001066', '紧急联系人66', '13900002066', NULL, NULL, NULL, '2024-03-07 10:00:00', '2024-03-07 10:00:00', 0);
INSERT INTO `resident` VALUES (67, 67, '文艳', '110194199210196971', 1, '1992-10-19', '汉族', '北京市海淀区第七街道88号', '北京市西城区第二街道9号', '退休', '大专', 0, '13800001067', '紧急联系人67', '13900002067', NULL, NULL, NULL, '2024-03-08 10:00:00', '2024-03-08 10:00:00', 0);
INSERT INTO `resident` VALUES (68, 68, '郑洋力', '110180195204046695', 1, '1952-04-04', '汉族', '北京市西城区第二街道15号', '北京市海淀区第八街道26号', '退休', '大专', 1, '13800001068', '紧急联系人68', '13900002068', NULL, NULL, NULL, '2024-03-09 10:00:00', '2024-03-09 10:00:00', 0);
INSERT INTO `resident` VALUES (69, 69, '雷军超', '110123198302200150', 1, '1983-02-20', '汉族', '北京市海淀区第五街道74号', '北京市海淀区第一街道44号', '教师', '小学', 0, '13800001069', '紧急联系人69', '13900002069', NULL, NULL, NULL, '2024-03-10 10:00:00', '2024-03-10 10:00:00', 0);
INSERT INTO `resident` VALUES (70, 70, '黎英芳', '110187197107211729', 0, '1971-07-21', '满族', '北京市丰台区第二街道32号', '北京市丰台区第一街道17号', '学生', '初中', 3, '13800001070', '紧急联系人70', '13900002070', NULL, NULL, NULL, '2024-03-11 10:00:00', '2024-03-11 10:00:00', 0);
INSERT INTO `resident` VALUES (71, 71, '魏建明', '110128200101149261', 0, '2001-01-14', '回族', '北京市丰台区第四街道2号', '北京市朝阳区第八街道37号', '公务员', '高中', 1, '13800001071', '紧急联系人71', '13900002071', NULL, NULL, NULL, '2024-03-12 10:00:00', '2024-03-12 10:00:00', 0);
INSERT INTO `resident` VALUES (72, 72, '胡伟丽', '110132197607050758', 1, '1976-07-05', '汉族', '北京市东城区第五街道25号', '北京市东城区第一街道81号', '退休', '大专', 2, '13800001072', '紧急联系人72', '13900002072', NULL, NULL, NULL, '2024-03-13 10:00:00', '2024-03-13 10:00:00', 0);
INSERT INTO `resident` VALUES (73, 73, '程文军', '110159199607072036', 1, '1996-07-07', '满族', '北京市海淀区第九街道49号', '北京市丰台区第三街道46号', '企业职员', '初中', 2, '13800001073', '紧急联系人73', '13900002073', NULL, NULL, NULL, '2024-03-14 10:00:00', '2024-03-14 10:00:00', 0);
INSERT INTO `resident` VALUES (74, 74, '吴辉强', '110167197810121145', 0, '1978-10-12', '蒙古族', '北京市东城区第四街道58号', '北京市丰台区第十街道73号', '退休', '大专', 3, '13800001074', '紧急联系人74', '13900002074', NULL, NULL, NULL, '2024-03-15 10:00:00', '2024-03-15 10:00:00', 0);
INSERT INTO `resident` VALUES (75, 75, '石桂华', '110174198011196830', 1, '1980-11-19', '壮族', '北京市丰台区第二街道85号', '北京市丰台区第八街道36号', '公务员', '研究生', 1, '13800001075', '紧急联系人75', '13900002075', NULL, NULL, NULL, '2024-03-16 10:00:00', '2024-03-16 10:00:00', 0);
INSERT INTO `resident` VALUES (76, 76, '顾华建', '110107197011049541', 0, '1970-11-04', '回族', '北京市东城区第二街道33号', '北京市海淀区第一街道68号', '医生', '研究生', 1, '13800001076', '紧急联系人76', '13900002076', NULL, NULL, NULL, '2024-03-17 10:00:00', '2024-03-17 10:00:00', 0);
INSERT INTO `resident` VALUES (77, 77, '阎艳明', '110104196110146500', 0, '1961-10-14', '汉族', '北京市东城区第十街道86号', '北京市西城区第八街道15号', '企业职员', '大专', 0, '13800001077', '紧急联系人77', '13900002077', NULL, NULL, NULL, '2024-03-18 10:00:00', '2024-03-18 10:00:00', 0);
INSERT INTO `resident` VALUES (78, 78, '康平', '110161199211082229', 0, '1992-11-08', '回族', '北京市丰台区第四街道38号', '北京市东城区第六街道70号', '自由职业', '大专', 2, '13800001078', '紧急联系人78', '13900002078', NULL, NULL, NULL, '2024-03-19 10:00:00', '2024-03-19 10:00:00', 0);
INSERT INTO `resident` VALUES (79, 79, '贾华', '110159196304261711', 1, '1963-04-26', '壮族', '北京市朝阳区第六街道42号', '北京市西城区第四街道100号', '教师', '初中', 0, '13800001079', '紧急联系人79', '13900002079', NULL, NULL, NULL, '2024-03-20 10:00:00', '2024-03-20 10:00:00', 0);
INSERT INTO `resident` VALUES (80, 80, '杜军英', '110191197109123294', 1, '1971-09-12', '壮族', '北京市东城区第六街道91号', '北京市东城区第三街道93号', '学生', '初中', 0, '13800001080', '紧急联系人80', '13900002080', NULL, NULL, NULL, '2024-03-21 10:00:00', '2024-03-21 10:00:00', 0);
INSERT INTO `resident` VALUES (81, 81, '邹丽英', '110123199506273513', 1, '1995-06-27', '汉族', '北京市朝阳区第六街道77号', '北京市朝阳区第二街道61号', '公务员', '大专', 2, '13800001081', '紧急联系人81', '13900002081', NULL, NULL, NULL, '2024-03-22 10:00:00', '2024-03-22 10:00:00', 0);
INSERT INTO `resident` VALUES (82, 82, '赖涛杰', '110175197005224281', 0, '1970-05-22', '满族', '北京市朝阳区第八街道58号', '北京市东城区第六街道78号', '工程师', '研究生', 3, '13800001082', '紧急联系人82', '13900002082', NULL, NULL, NULL, '2024-03-23 10:00:00', '2024-03-23 10:00:00', 0);
INSERT INTO `resident` VALUES (83, 83, '梁杰芳', '110131198910276538', 1, '1989-10-27', '汉族', '北京市东城区第七街道47号', '北京市海淀区第二街道92号', '教师', '大专', 2, '13800001083', '紧急联系人83', '13900002083', NULL, NULL, NULL, '2024-03-24 10:00:00', '2024-03-24 10:00:00', 0);
INSERT INTO `resident` VALUES (84, 84, '袁英', '110167195811247892', 1, '1958-11-24', '汉族', '北京市朝阳区第七街道72号', '北京市东城区第三街道23号', '工程师', '小学', 1, '13800001084', '紧急联系人84', '13900002084', NULL, NULL, NULL, '2024-03-25 10:00:00', '2024-03-25 10:00:00', 0);
INSERT INTO `resident` VALUES (85, 85, '黄超丽', '110197200203035075', 1, '2002-03-03', '满族', '北京市朝阳区第三街道71号', '北京市东城区第八街道64号', '学生', '小学', 3, '13800001085', '紧急联系人85', '13900002085', NULL, NULL, NULL, '2024-03-26 10:00:00', '2024-03-26 10:00:00', 0);
INSERT INTO `resident` VALUES (86, 86, '薛桂', '110145199006057008', 0, '1990-06-05', '蒙古族', '北京市朝阳区第七街道9号', '北京市西城区第七街道54号', '自由职业', '研究生', 2, '13800001086', '紧急联系人86', '13900002086', NULL, NULL, NULL, '2024-03-27 10:00:00', '2024-03-27 10:00:00', 0);
INSERT INTO `resident` VALUES (87, 87, '潘丽', '110179198007036701', 0, '1980-07-03', '壮族', '北京市东城区第一街道18号', '北京市东城区第九街道23号', '企业职员', '初中', 0, '13800001087', '紧急联系人87', '13900002087', NULL, NULL, NULL, '2024-03-28 10:00:00', '2024-03-28 10:00:00', 0);
INSERT INTO `resident` VALUES (88, 88, '罗丽', '110130197909258432', 1, '1979-09-25', '回族', '北京市西城区第八街道6号', '北京市朝阳区第一街道17号', '自由职业', '本科', 3, '13800001088', '紧急联系人88', '13900002088', NULL, NULL, NULL, '2024-03-29 10:00:00', '2024-03-29 10:00:00', 0);
INSERT INTO `resident` VALUES (89, 89, '林超桂', '110155197609269723', 0, '1976-09-26', '汉族', '北京市东城区第九街道55号', '北京市朝阳区第六街道71号', '学生', '小学', 2, '13800001089', '紧急联系人89', '13900002089', NULL, NULL, NULL, '2024-03-30 10:00:00', '2024-03-30 10:00:00', 0);
INSERT INTO `resident` VALUES (90, 90, '白艳娜', '110178199108270687', 0, '1991-08-27', '壮族', '北京市丰台区第十街道13号', '北京市东城区第四街道57号', '自由职业', '小学', 3, '13800001090', '紧急联系人90', '13900002090', NULL, NULL, NULL, '2024-03-31 10:00:00', '2024-03-31 10:00:00', 0);
INSERT INTO `resident` VALUES (91, 91, '邵刚', '110183199705129300', 0, '1997-05-12', '壮族', '北京市西城区第七街道67号', '北京市海淀区第九街道7号', '学生', '研究生', 0, '13800001091', '紧急联系人91', '13900002091', NULL, NULL, NULL, '2024-04-01 10:00:00', '2024-04-01 10:00:00', 0);
INSERT INTO `resident` VALUES (92, 92, '毛涛', '110126196712021380', 0, '1967-12-02', '蒙古族', '北京市海淀区第七街道44号', '北京市海淀区第五街道39号', '公务员', '小学', 1, '13800001092', '紧急联系人92', '13900002092', NULL, NULL, NULL, '2024-04-02 10:00:00', '2024-04-02 10:00:00', 0);
INSERT INTO `resident` VALUES (93, 93, '雷桂', '110188200303094048', 0, '2003-03-09', '回族', '北京市东城区第一街道51号', '北京市海淀区第二街道55号', '公务员', '初中', 1, '13800001093', '紧急联系人93', '13900002093', NULL, NULL, NULL, '2024-04-03 10:00:00', '2024-04-03 10:00:00', 0);
INSERT INTO `resident` VALUES (94, 94, '刘文杰', '110195197906197708', 0, '1979-06-19', '蒙古族', '北京市丰台区第四街道14号', '北京市东城区第一街道96号', '学生', '研究生', 1, '13800001094', '紧急联系人94', '13900002094', NULL, NULL, NULL, '2024-04-04 10:00:00', '2024-04-04 10:00:00', 0);
INSERT INTO `resident` VALUES (95, 95, '胡娜', '110163196405056428', 0, '1964-05-05', '满族', '北京市丰台区第四街道91号', '北京市西城区第六街道41号', '工程师', '大专', 3, '13800001095', '紧急联系人95', '13900002095', NULL, NULL, NULL, '2024-04-05 10:00:00', '2024-04-05 10:00:00', 0);
INSERT INTO `resident` VALUES (96, 96, '萧辉', '110167198503021992', 1, '1985-03-02', '蒙古族', '北京市东城区第五街道12号', '北京市朝阳区第五街道62号', '学生', '初中', 0, '13800001096', '紧急联系人96', '13900002096', NULL, NULL, NULL, '2024-04-06 10:00:00', '2024-04-06 10:00:00', 0);
INSERT INTO `resident` VALUES (97, 97, '谭静桂', '110183195808155436', 1, '1958-08-15', '汉族', '北京市西城区第五街道77号', '北京市海淀区第七街道2号', '医生', '研究生', 2, '13800001097', '紧急联系人97', '13900002097', NULL, NULL, NULL, '2024-04-07 10:00:00', '2024-04-07 10:00:00', 0);
INSERT INTO `resident` VALUES (98, 98, '程平', '110176196902125752', 1, '1969-02-12', '蒙古族', '北京市朝阳区第四街道55号', '北京市东城区第六街道99号', '医生', '研究生', 1, '13800001098', '紧急联系人98', '13900002098', NULL, NULL, NULL, '2024-04-08 10:00:00', '2024-04-08 10:00:00', 0);
INSERT INTO `resident` VALUES (99, 99, '孔敏敏', '110166197310174848', 0, '1973-10-17', '汉族', '北京市西城区第七街道77号', '北京市朝阳区第九街道7号', '学生', '研究生', 1, '13800001099', '紧急联系人99', '13900002099', NULL, NULL, NULL, '2024-04-09 10:00:00', '2024-04-09 10:00:00', 0);
INSERT INTO `resident` VALUES (100, 100, '曾力芳', '110142199703182063', 0, '1997-03-18', '满族', '北京市东城区第七街道39号', '北京市丰台区第四街道90号', '企业职员', '小学', 1, '13800001100', '紧急联系人100', '13900002100', NULL, NULL, NULL, '2024-04-10 10:00:00', '2024-04-10 10:00:00', 0);
INSERT INTO `resident` VALUES (101, 101, '丁文', '110153196707187925', 0, '1967-07-18', '回族', '北京市海淀区第七街道58号', '北京市丰台区第五街道74号', '工程师', '高中', 0, '13800001101', '紧急联系人101', '13900002101', NULL, NULL, NULL, '2024-04-11 10:00:00', '2024-04-11 10:00:00', 0);
INSERT INTO `resident` VALUES (102, 102, '康军', '110194198206133067', 0, '1982-06-13', '壮族', '北京市海淀区第一街道38号', '北京市东城区第十街道72号', '学生', '小学', 0, '13800001102', '紧急联系人102', '13900002102', NULL, NULL, NULL, '2024-04-12 10:00:00', '2024-04-12 10:00:00', 0);
INSERT INTO `resident` VALUES (103, 103, '秦超洋', '110107199904013027', 0, '1999-04-01', '蒙古族', '北京市丰台区第一街道82号', '北京市丰台区第七街道74号', '自由职业', '大专', 1, '13800001103', '紧急联系人103', '13900002103', NULL, NULL, NULL, '2024-04-13 10:00:00', '2024-04-13 10:00:00', 0);
INSERT INTO `resident` VALUES (104, 104, '杨建勇', '110198200411152754', 1, '2004-11-15', '壮族', '北京市西城区第十街道1号', '北京市海淀区第三街道64号', '工程师', '本科', 2, '13800001104', '紧急联系人104', '13900002104', NULL, NULL, NULL, '2024-04-14 10:00:00', '2024-04-14 10:00:00', 0);
INSERT INTO `resident` VALUES (105, 105, '田超', '110169195009167144', 0, '1950-09-16', '回族', '北京市朝阳区第七街道1号', '北京市丰台区第六街道10号', '学生', '大专', 2, '13800001105', '紧急联系人105', '13900002105', NULL, NULL, NULL, '2024-04-15 10:00:00', '2024-04-15 10:00:00', 0);
INSERT INTO `resident` VALUES (106, 106, '宋辉', '110146195108247334', 1, '1951-08-24', '满族', '北京市丰台区第十街道3号', '北京市海淀区第八街道64号', '退休', '本科', 1, '13800001106', '紧急联系人106', '13900002106', NULL, NULL, NULL, '2024-04-16 10:00:00', '2024-04-16 10:00:00', 0);
INSERT INTO `resident` VALUES (107, 107, '彭华', '110110196904112717', 1, '1969-04-11', '满族', '北京市丰台区第八街道16号', '北京市西城区第八街道42号', '学生', '研究生', 0, '13800001107', '紧急联系人107', '13900002107', NULL, NULL, NULL, '2024-04-17 10:00:00', '2024-04-17 10:00:00', 0);
INSERT INTO `resident` VALUES (108, 108, '毛力明', '110170198808258083', 0, '1988-08-25', '回族', '北京市朝阳区第九街道72号', '北京市丰台区第九街道19号', '公务员', '高中', 0, '13800001108', '紧急联系人108', '13900002108', NULL, NULL, NULL, '2024-04-18 10:00:00', '2024-04-18 10:00:00', 0);
INSERT INTO `resident` VALUES (109, 109, '戴力', '110168199802076859', 1, '1998-02-07', '壮族', '北京市朝阳区第七街道21号', '北京市丰台区第三街道42号', '医生', '研究生', 0, '13800001109', '紧急联系人109', '13900002109', NULL, NULL, NULL, '2024-04-19 10:00:00', '2024-04-19 10:00:00', 0);
INSERT INTO `resident` VALUES (110, 110, '雷秀华', '110128197103284129', 0, '1971-03-28', '壮族', '北京市丰台区第三街道54号', '北京市朝阳区第六街道68号', '自由职业', '大专', 0, '13800001110', '紧急联系人110', '13900002110', NULL, NULL, NULL, '2024-04-20 10:00:00', '2024-04-20 10:00:00', 0);
INSERT INTO `resident` VALUES (111, 111, '彭平', '110152196406104880', 0, '1964-06-10', '回族', '北京市海淀区第七街道5号', '北京市海淀区第六街道69号', '学生', '研究生', 1, '13800001111', '紧急联系人111', '13900002111', NULL, NULL, NULL, '2024-04-21 10:00:00', '2024-04-21 10:00:00', 0);
INSERT INTO `resident` VALUES (112, 112, '邱磊', '110190195512104871', 1, '1955-12-10', '回族', '北京市东城区第五街道17号', '北京市西城区第八街道49号', '教师', '小学', 0, '13800001112', '紧急联系人112', '13900002112', NULL, NULL, NULL, '2024-04-22 10:00:00', '2024-04-22 10:00:00', 0);
INSERT INTO `resident` VALUES (113, 113, '罗娟秀', '110182196109280591', 1, '1961-09-28', '蒙古族', '北京市东城区第六街道57号', '北京市朝阳区第十街道58号', '退休', '本科', 0, '13800001113', '紧急联系人113', '13900002113', NULL, NULL, NULL, '2024-04-23 10:00:00', '2024-04-23 10:00:00', 0);
INSERT INTO `resident` VALUES (114, 114, '杨静平', '110113196905240900', 0, '1969-05-24', '回族', '北京市海淀区第四街道86号', '北京市朝阳区第五街道50号', '医生', '本科', 3, '13800001114', '紧急联系人114', '13900002114', NULL, NULL, NULL, '2024-04-24 10:00:00', '2024-04-24 10:00:00', 0);
INSERT INTO `resident` VALUES (115, 115, '黄伟静', '110126196806039604', 0, '1968-06-03', '回族', '北京市丰台区第七街道39号', '北京市朝阳区第四街道25号', '工程师', '本科', 0, '13800001115', '紧急联系人115', '13900002115', NULL, NULL, NULL, '2024-04-25 10:00:00', '2024-04-25 10:00:00', 0);
INSERT INTO `resident` VALUES (116, 116, '黎杰洋', '110105200001129563', 0, '2000-01-12', '汉族', '北京市西城区第五街道60号', '北京市西城区第二街道87号', '退休', '初中', 0, '13800001116', '紧急联系人116', '13900002116', NULL, NULL, NULL, '2024-04-26 10:00:00', '2024-04-26 10:00:00', 0);
INSERT INTO `resident` VALUES (117, 117, '傅杰', '110150195107185957', 1, '1951-07-18', '满族', '北京市东城区第二街道76号', '北京市海淀区第二街道87号', '退休', '研究生', 0, '13800001117', '紧急联系人117', '13900002117', NULL, NULL, NULL, '2024-04-27 10:00:00', '2024-04-27 10:00:00', 0);
INSERT INTO `resident` VALUES (118, 118, '邓军力', '110139196911126924', 0, '1969-11-12', '回族', '北京市海淀区第六街道88号', '北京市东城区第七街道47号', '医生', '本科', 1, '13800001118', '紧急联系人118', '13900002118', NULL, NULL, NULL, '2024-04-28 10:00:00', '2024-04-28 10:00:00', 0);
INSERT INTO `resident` VALUES (119, 119, '武杰', '110145199705092714', 1, '1997-05-09', '壮族', '北京市丰台区第一街道46号', '北京市朝阳区第四街道18号', '退休', '小学', 2, '13800001119', '紧急联系人119', '13900002119', NULL, NULL, NULL, '2024-04-29 10:00:00', '2024-04-29 10:00:00', 0);
INSERT INTO `resident` VALUES (120, 120, '陈芳', '110140198804135960', 0, '1988-04-13', '回族', '北京市西城区第五街道73号', '北京市海淀区第三街道49号', '企业职员', '大专', 0, '13800001120', '紧急联系人120', '13900002120', NULL, NULL, NULL, '2024-04-30 10:00:00', '2024-04-30 10:00:00', 0);
INSERT INTO `resident` VALUES (121, 121, '朱敏', '110197197101017818', 1, '1971-01-01', '满族', '北京市朝阳区第三街道81号', '北京市海淀区第七街道57号', '退休', '本科', 1, '13800001121', '紧急联系人121', '13900002121', NULL, NULL, NULL, '2024-05-01 10:00:00', '2024-05-01 10:00:00', 0);
INSERT INTO `resident` VALUES (122, 122, '廖明强', '110114195603224069', 0, '1956-03-22', '蒙古族', '北京市海淀区第二街道66号', '北京市丰台区第九街道28号', '退休', '大专', 0, '13800001122', '紧急联系人122', '13900002122', NULL, NULL, NULL, '2024-05-02 10:00:00', '2024-05-02 10:00:00', 0);
INSERT INTO `resident` VALUES (123, 123, '常敏洋', '110143199301263861', 0, '1993-01-26', '满族', '北京市东城区第八街道54号', '北京市西城区第二街道9号', '退休', '大专', 1, '13800001123', '紧急联系人123', '13900002123', NULL, NULL, NULL, '2024-05-03 10:00:00', '2024-05-03 10:00:00', 0);
INSERT INTO `resident` VALUES (124, 124, '金超明', '110193198508114969', 0, '1985-08-11', '汉族', '北京市海淀区第七街道74号', '北京市西城区第八街道88号', '医生', '高中', 1, '13800001124', '紧急联系人124', '13900002124', NULL, NULL, NULL, '2024-05-04 10:00:00', '2024-05-04 10:00:00', 0);
INSERT INTO `resident` VALUES (125, 125, '赵伟', '110151198002286047', 0, '1980-02-28', '汉族', '北京市东城区第一街道92号', '北京市西城区第一街道47号', '工程师', '研究生', 2, '13800001125', '紧急联系人125', '13900002125', NULL, NULL, NULL, '2024-05-05 10:00:00', '2024-05-05 10:00:00', 0);
INSERT INTO `resident` VALUES (126, 126, '郭英强', '110168199308202830', 1, '1993-08-20', '蒙古族', '北京市海淀区第二街道38号', '北京市西城区第七街道40号', '医生', '高中', 0, '13800001126', '紧急联系人126', '13900002126', NULL, NULL, NULL, '2024-05-06 10:00:00', '2024-05-06 10:00:00', 0);
INSERT INTO `resident` VALUES (127, 127, '顾强力', '110170196812203676', 1, '1968-12-20', '壮族', '北京市朝阳区第九街道3号', '北京市西城区第五街道78号', '企业职员', '初中', 1, '13800001127', '紧急联系人127', '13900002127', NULL, NULL, NULL, '2024-05-07 10:00:00', '2024-05-07 10:00:00', 0);
INSERT INTO `resident` VALUES (128, 128, '罗强伟', '110199195804063569', 0, '1958-04-06', '满族', '北京市朝阳区第三街道77号', '北京市海淀区第八街道12号', '工程师', '初中', 1, '13800001128', '紧急联系人128', '13900002128', NULL, NULL, NULL, '2024-05-08 10:00:00', '2024-05-08 10:00:00', 0);
INSERT INTO `resident` VALUES (129, 129, '罗辉', '110161195005271297', 1, '1950-05-27', '壮族', '北京市朝阳区第九街道63号', '北京市东城区第六街道58号', '工程师', '本科', 3, '13800001129', '紧急联系人129', '13900002129', NULL, NULL, NULL, '2024-05-09 10:00:00', '2024-05-09 10:00:00', 0);
INSERT INTO `resident` VALUES (130, 130, '杜娜平', '110158195812080351', 1, '1958-12-08', '壮族', '北京市丰台区第八街道1号', '北京市丰台区第一街道79号', '学生', '大专', 3, '13800001130', '紧急联系人130', '13900002130', NULL, NULL, NULL, '2024-05-10 10:00:00', '2024-05-10 10:00:00', 0);
INSERT INTO `resident` VALUES (131, 131, '白娜', '110194200207206125', 0, '2002-07-20', '回族', '北京市海淀区第七街道47号', '北京市海淀区第四街道53号', '自由职业', '研究生', 3, '13800001131', '紧急联系人131', '13900002131', NULL, NULL, NULL, '2024-05-11 10:00:00', '2024-05-11 10:00:00', 0);
INSERT INTO `resident` VALUES (132, 132, '汤磊秀', '110170199108267347', 0, '1991-08-26', '汉族', '北京市海淀区第二街道86号', '北京市丰台区第二街道97号', '工程师', '研究生', 1, '13800001132', '紧急联系人132', '13900002132', NULL, NULL, NULL, '2024-05-12 10:00:00', '2024-05-12 10:00:00', 0);
INSERT INTO `resident` VALUES (133, 133, '任涛涛', '110118199604018254', 1, '1996-04-01', '汉族', '北京市西城区第五街道5号', '北京市丰台区第二街道11号', '医生', '高中', 2, '13800001133', '紧急联系人133', '13900002133', NULL, NULL, NULL, '2024-05-13 10:00:00', '2024-05-13 10:00:00', 0);
INSERT INTO `resident` VALUES (134, 134, '尹文涛', '110115197606260059', 1, '1976-06-26', '壮族', '北京市西城区第八街道52号', '北京市海淀区第九街道60号', '工程师', '大专', 1, '13800001134', '紧急联系人134', '13900002134', NULL, NULL, NULL, '2024-05-14 10:00:00', '2024-05-14 10:00:00', 0);
INSERT INTO `resident` VALUES (135, 135, '郭文', '110179198509171843', 0, '1985-09-17', '汉族', '北京市东城区第三街道95号', '北京市丰台区第十街道9号', '公务员', '研究生', 0, '13800001135', '紧急联系人135', '13900002135', NULL, NULL, NULL, '2024-05-15 10:00:00', '2024-05-15 10:00:00', 0);
INSERT INTO `resident` VALUES (136, 136, '金辉秀', '110157200304144135', 1, '2003-04-14', '蒙古族', '北京市丰台区第三街道63号', '北京市海淀区第七街道47号', '工程师', '小学', 2, '13800001136', '紧急联系人136', '13900002136', NULL, NULL, NULL, '2024-05-16 10:00:00', '2024-05-16 10:00:00', 0);
INSERT INTO `resident` VALUES (137, 137, '白力秀', '110133198101205052', 1, '1981-01-20', '蒙古族', '北京市西城区第四街道40号', '北京市丰台区第四街道87号', '公务员', '初中', 1, '13800001137', '紧急联系人137', '13900002137', NULL, NULL, NULL, '2024-05-17 10:00:00', '2024-05-17 10:00:00', 0);
INSERT INTO `resident` VALUES (138, 138, '田涛伟', '110169199801167471', 1, '1998-01-16', '回族', '北京市东城区第二街道3号', '北京市西城区第七街道58号', '退休', '研究生', 0, '13800001138', '紧急联系人138', '13900002138', NULL, NULL, NULL, '2024-05-18 10:00:00', '2024-05-18 10:00:00', 0);
INSERT INTO `resident` VALUES (139, 139, '武艳', '110163198404209914', 1, '1984-04-20', '汉族', '北京市东城区第二街道76号', '北京市海淀区第二街道76号', '公务员', '本科', 3, '13800001139', '紧急联系人139', '13900002139', NULL, NULL, NULL, '2024-05-19 10:00:00', '2024-05-19 10:00:00', 0);
INSERT INTO `resident` VALUES (140, 140, '姜静', '110146195905093132', 1, '1959-05-09', '壮族', '北京市丰台区第七街道1号', '北京市丰台区第七街道50号', '企业职员', '小学', 2, '13800001140', '紧急联系人140', '13900002140', NULL, NULL, NULL, '2024-05-20 10:00:00', '2024-05-20 10:00:00', 0);
INSERT INTO `resident` VALUES (141, 141, '尹建', '110146198406101975', 1, '1984-06-10', '壮族', '北京市朝阳区第一街道58号', '北京市丰台区第六街道99号', '公务员', '小学', 2, '13800001141', '紧急联系人141', '13900002141', NULL, NULL, NULL, '2024-05-21 10:00:00', '2024-05-21 10:00:00', 0);
INSERT INTO `resident` VALUES (142, 142, '陆艳', '110129197609031900', 0, '1976-09-03', '汉族', '北京市丰台区第三街道76号', '北京市丰台区第七街道27号', '公务员', '初中', 3, '13800001142', '紧急联系人142', '13900002142', NULL, NULL, NULL, '2024-05-22 10:00:00', '2024-05-22 10:00:00', 0);
INSERT INTO `resident` VALUES (143, 143, '梁桂', '110176195006071446', 0, '1950-06-07', '蒙古族', '北京市西城区第二街道28号', '北京市丰台区第九街道24号', '学生', '小学', 0, '13800001143', '紧急联系人143', '13900002143', NULL, NULL, NULL, '2024-05-23 10:00:00', '2024-05-23 10:00:00', 0);
INSERT INTO `resident` VALUES (144, 144, '易艳', '110157197607134350', 1, '1976-07-13', '满族', '北京市西城区第六街道63号', '北京市海淀区第二街道43号', '学生', '大专', 1, '13800001144', '紧急联系人144', '13900002144', NULL, NULL, NULL, '2024-05-24 10:00:00', '2024-05-24 10:00:00', 0);
INSERT INTO `resident` VALUES (145, 145, '魏涛', '110190197310195392', 1, '1973-10-19', '汉族', '北京市丰台区第三街道70号', '北京市东城区第四街道73号', '企业职员', '大专', 1, '13800001145', '紧急联系人145', '13900002145', NULL, NULL, NULL, '2024-05-25 10:00:00', '2024-05-25 10:00:00', 0);
INSERT INTO `resident` VALUES (146, 146, '魏涛', '110165198710011782', 0, '1987-10-01', '满族', '北京市东城区第九街道25号', '北京市东城区第九街道29号', '学生', '研究生', 2, '13800001146', '紧急联系人146', '13900002146', NULL, NULL, NULL, '2024-05-26 10:00:00', '2024-05-26 10:00:00', 0);
INSERT INTO `resident` VALUES (147, 147, '潘杰芳', '110149200208086050', 1, '2002-08-08', '汉族', '北京市丰台区第七街道92号', '北京市西城区第七街道93号', '企业职员', '初中', 2, '13800001147', '紧急联系人147', '13900002147', NULL, NULL, NULL, '2024-05-27 10:00:00', '2024-05-27 10:00:00', 0);
INSERT INTO `resident` VALUES (148, 148, '黄娟', '110183198604165006', 0, '1986-04-16', '满族', '北京市东城区第十街道59号', '北京市海淀区第四街道23号', '退休', '初中', 0, '13800001148', '紧急联系人148', '13900002148', NULL, NULL, NULL, '2024-05-28 10:00:00', '2024-05-28 10:00:00', 0);
INSERT INTO `resident` VALUES (149, 149, '韩文丽', '110132199601204941', 0, '1996-01-20', '回族', '北京市丰台区第十街道82号', '北京市海淀区第九街道35号', '工程师', '初中', 2, '13800001149', '紧急联系人149', '13900002149', NULL, NULL, NULL, '2024-05-29 10:00:00', '2024-05-29 10:00:00', 0);
INSERT INTO `resident` VALUES (150, 150, '孟英', '110171200502240197', 1, '2005-02-24', '蒙古族', '北京市东城区第一街道42号', '北京市丰台区第十街道24号', '工程师', '研究生', 1, '13800001150', '紧急联系人150', '13900002150', NULL, NULL, NULL, '2024-05-30 10:00:00', '2024-05-30 10:00:00', 0);
INSERT INTO `resident` VALUES (151, 151, '范英', '110153199111015636', 1, '1991-11-01', '汉族', '北京市丰台区第九街道55号', '北京市海淀区第六街道88号', '学生', '大专', 2, '13800001151', '紧急联系人151', '13900002151', NULL, NULL, NULL, '2024-05-31 10:00:00', '2024-05-31 10:00:00', 0);
INSERT INTO `resident` VALUES (152, 152, '于杰', '110112200111169553', 1, '2001-11-16', '满族', '北京市海淀区第十街道98号', '北京市朝阳区第二街道61号', '自由职业', '高中', 1, '13800001152', '紧急联系人152', '13900002152', NULL, NULL, NULL, '2024-06-01 10:00:00', '2024-06-01 10:00:00', 0);
INSERT INTO `resident` VALUES (153, 153, '孔勇涛', '110161198208154967', 0, '1982-08-15', '满族', '北京市西城区第五街道77号', '北京市海淀区第七街道92号', '学生', '小学', 3, '13800001153', '紧急联系人153', '13900002153', NULL, NULL, NULL, '2024-06-02 10:00:00', '2024-06-02 10:00:00', 0);
INSERT INTO `resident` VALUES (154, 154, '侯娜', '110127197912076329', 0, '1979-12-07', '蒙古族', '北京市东城区第四街道81号', '北京市丰台区第九街道49号', '教师', '大专', 0, '13800001154', '紧急联系人154', '13900002154', NULL, NULL, NULL, '2024-06-03 10:00:00', '2024-06-03 10:00:00', 0);
INSERT INTO `resident` VALUES (155, 155, '吴华', '110189197807094862', 0, '1978-07-09', '蒙古族', '北京市东城区第五街道23号', '北京市丰台区第五街道92号', '教师', '研究生', 3, '13800001155', '紧急联系人155', '13900002155', NULL, NULL, NULL, '2024-06-04 10:00:00', '2024-06-04 10:00:00', 0);
INSERT INTO `resident` VALUES (156, 156, '何丽英', '110119199401180155', 1, '1994-01-18', '满族', '北京市朝阳区第十街道68号', '北京市西城区第六街道16号', '医生', '高中', 1, '13800001156', '紧急联系人156', '13900002156', NULL, NULL, NULL, '2024-06-05 10:00:00', '2024-06-05 10:00:00', 0);
INSERT INTO `resident` VALUES (157, 157, '贺明华', '110122199702046980', 0, '1997-02-04', '蒙古族', '北京市丰台区第三街道42号', '北京市海淀区第六街道81号', '工程师', '小学', 2, '13800001157', '紧急联系人157', '13900002157', NULL, NULL, NULL, '2024-06-06 10:00:00', '2024-06-06 10:00:00', 0);
INSERT INTO `resident` VALUES (158, 158, '林敏', '110117195611052795', 1, '1956-11-05', '汉族', '北京市西城区第二街道35号', '北京市朝阳区第七街道97号', '学生', '小学', 2, '13800001158', '紧急联系人158', '13900002158', NULL, NULL, NULL, '2024-06-07 10:00:00', '2024-06-07 10:00:00', 0);
INSERT INTO `resident` VALUES (159, 159, '蔡强刚', '110138196011234933', 1, '1960-11-23', '壮族', '北京市海淀区第二街道97号', '北京市海淀区第五街道26号', '教师', '高中', 1, '13800001159', '紧急联系人159', '13900002159', NULL, NULL, NULL, '2024-06-08 10:00:00', '2024-06-08 10:00:00', 0);
INSERT INTO `resident` VALUES (160, 160, '乔娜芳', '110101199907046318', 1, '1999-07-04', '汉族', '北京市丰台区第七街道55号', '北京市丰台区第八街道10号', '工程师', '研究生', 0, '13800001160', '紧急联系人160', '13900002160', NULL, NULL, NULL, '2024-06-09 10:00:00', '2024-06-09 10:00:00', 0);
INSERT INTO `resident` VALUES (161, 161, '毛磊', '110109198412014188', 0, '1984-12-01', '满族', '北京市西城区第三街道57号', '北京市朝阳区第五街道21号', '自由职业', '大专', 3, '13800001161', '紧急联系人161', '13900002161', NULL, NULL, NULL, '2024-06-10 10:00:00', '2024-06-10 10:00:00', 0);
INSERT INTO `resident` VALUES (162, 162, '阎艳秀', '110132196610051473', 1, '1966-10-05', '满族', '北京市海淀区第一街道50号', '北京市海淀区第十街道8号', '公务员', '本科', 2, '13800001162', '紧急联系人162', '13900002162', NULL, NULL, NULL, '2024-06-11 10:00:00', '2024-06-11 10:00:00', 0);
INSERT INTO `resident` VALUES (163, 163, '毛文', '110197200201125586', 0, '2002-01-12', '回族', '北京市东城区第五街道34号', '北京市海淀区第八街道77号', '企业职员', '高中', 1, '13800001163', '紧急联系人163', '13900002163', NULL, NULL, NULL, '2024-06-12 10:00:00', '2024-06-12 10:00:00', 0);
INSERT INTO `resident` VALUES (164, 164, '邵芳伟', '110156198612197716', 1, '1986-12-19', '满族', '北京市丰台区第七街道75号', '北京市东城区第二街道67号', '退休', '高中', 2, '13800001164', '紧急联系人164', '13900002164', NULL, NULL, NULL, '2024-06-13 10:00:00', '2024-06-13 10:00:00', 0);
INSERT INTO `resident` VALUES (165, 165, '武静静', '110193198509188221', 0, '1985-09-18', '壮族', '北京市西城区第五街道90号', '北京市朝阳区第六街道74号', '退休', '大专', 3, '13800001165', '紧急联系人165', '13900002165', NULL, NULL, NULL, '2024-06-14 10:00:00', '2024-06-14 10:00:00', 0);
INSERT INTO `resident` VALUES (166, 166, '赖娟强', '110117195205252041', 0, '1952-05-25', '满族', '北京市东城区第一街道30号', '北京市海淀区第四街道20号', '学生', '初中', 0, '13800001166', '紧急联系人166', '13900002166', NULL, NULL, NULL, '2024-06-15 10:00:00', '2024-06-15 10:00:00', 0);
INSERT INTO `resident` VALUES (167, 167, '王芳', '110134198804079980', 0, '1988-04-07', '壮族', '北京市丰台区第五街道58号', '北京市东城区第六街道1号', '医生', '小学', 2, '13800001167', '紧急联系人167', '13900002167', NULL, NULL, NULL, '2024-06-16 10:00:00', '2024-06-16 10:00:00', 0);
INSERT INTO `resident` VALUES (168, 168, '陆华', '110198199403143592', 1, '1994-03-14', '汉族', '北京市朝阳区第十街道54号', '北京市丰台区第一街道28号', '工程师', '研究生', 0, '13800001168', '紧急联系人168', '13900002168', NULL, NULL, NULL, '2024-06-17 10:00:00', '2024-06-17 10:00:00', 0);
INSERT INTO `resident` VALUES (169, 169, '郭文', '110132197304015053', 1, '1973-04-01', '满族', '北京市丰台区第四街道5号', '北京市朝阳区第三街道10号', '自由职业', '小学', 1, '13800001169', '紧急联系人169', '13900002169', NULL, NULL, NULL, '2024-06-18 10:00:00', '2024-06-18 10:00:00', 0);
INSERT INTO `resident` VALUES (170, 170, '郑军超', '110196198806089802', 0, '1988-06-08', '汉族', '北京市朝阳区第二街道33号', '北京市朝阳区第十街道1号', '工程师', '高中', 1, '13800001170', '紧急联系人170', '13900002170', NULL, NULL, NULL, '2024-06-19 10:00:00', '2024-06-19 10:00:00', 0);
INSERT INTO `resident` VALUES (171, 171, '任超', '110110198902140177', 1, '1989-02-14', '回族', '北京市东城区第五街道51号', '北京市朝阳区第八街道67号', '教师', '小学', 2, '13800001171', '紧急联系人171', '13900002171', NULL, NULL, NULL, '2024-06-20 10:00:00', '2024-06-20 10:00:00', 0);
INSERT INTO `resident` VALUES (172, 172, '邹文艳', '110161200310064028', 0, '2003-10-06', '壮族', '北京市丰台区第二街道5号', '北京市东城区第六街道39号', '工程师', '本科', 1, '13800001172', '紧急联系人172', '13900002172', NULL, NULL, NULL, '2024-06-21 10:00:00', '2024-06-21 10:00:00', 0);
INSERT INTO `resident` VALUES (173, 173, '易勇', '110190198011267080', 0, '1980-11-26', '回族', '北京市丰台区第一街道30号', '北京市海淀区第一街道9号', '工程师', '小学', 3, '13800001173', '紧急联系人173', '13900002173', NULL, NULL, NULL, '2024-06-22 10:00:00', '2024-06-22 10:00:00', 0);
INSERT INTO `resident` VALUES (174, 174, '熊杰', '110188196106257616', 1, '1961-06-25', '满族', '北京市西城区第三街道18号', '北京市朝阳区第七街道31号', '公务员', '高中', 1, '13800001174', '紧急联系人174', '13900002174', NULL, NULL, NULL, '2024-06-23 10:00:00', '2024-06-23 10:00:00', 0);
INSERT INTO `resident` VALUES (175, 175, '段伟华', '110152199005150890', 1, '1990-05-15', '壮族', '北京市朝阳区第二街道39号', '北京市西城区第一街道74号', '自由职业', '小学', 2, '13800001175', '紧急联系人175', '13900002175', NULL, NULL, NULL, '2024-06-24 10:00:00', '2024-06-24 10:00:00', 0);
INSERT INTO `resident` VALUES (176, 176, '刘敏艳', '110158199504252347', 0, '1995-04-25', '回族', '北京市西城区第六街道21号', '北京市海淀区第三街道25号', '公务员', '初中', 0, '13800001176', '紧急联系人176', '13900002176', NULL, NULL, NULL, '2024-06-25 10:00:00', '2024-06-25 10:00:00', 0);
INSERT INTO `resident` VALUES (177, 177, '顾华', '110151199511231007', 0, '1995-11-23', '满族', '北京市丰台区第五街道14号', '北京市西城区第一街道73号', '公务员', '初中', 0, '13800001177', '紧急联系人177', '13900002177', NULL, NULL, NULL, '2024-06-26 10:00:00', '2024-06-26 10:00:00', 0);
INSERT INTO `resident` VALUES (178, 178, '万涛', '110170197609059575', 1, '1976-09-05', '蒙古族', '北京市西城区第四街道31号', '北京市海淀区第一街道9号', '工程师', '小学', 1, '13800001178', '紧急联系人178', '13900002178', NULL, NULL, NULL, '2024-06-27 10:00:00', '2024-06-27 10:00:00', 0);
INSERT INTO `resident` VALUES (179, 179, '高平辉', '110165196509156536', 1, '1965-09-15', '汉族', '北京市西城区第三街道67号', '北京市西城区第八街道2号', '退休', '高中', 0, '13800001179', '紧急联系人179', '13900002179', NULL, NULL, NULL, '2024-06-28 10:00:00', '2024-06-28 10:00:00', 0);
INSERT INTO `resident` VALUES (180, 180, '薛伟敏', '110144195707065557', 1, '1957-07-06', '蒙古族', '北京市朝阳区第八街道7号', '北京市海淀区第九街道49号', '退休', '高中', 3, '13800001180', '紧急联系人180', '13900002180', NULL, NULL, NULL, '2024-06-29 10:00:00', '2024-06-29 10:00:00', 0);
INSERT INTO `resident` VALUES (181, 181, '魏杰涛', '110167197302120859', 1, '1973-02-12', '回族', '北京市丰台区第九街道32号', '北京市朝阳区第五街道84号', '退休', '初中', 0, '13800001181', '紧急联系人181', '13900002181', NULL, NULL, NULL, '2024-06-30 10:00:00', '2024-06-30 10:00:00', 0);
INSERT INTO `resident` VALUES (182, 182, '常伟', '110130198903285075', 1, '1989-03-28', '汉族', '北京市朝阳区第六街道94号', '北京市丰台区第八街道21号', '自由职业', '本科', 1, '13800001182', '紧急联系人182', '13900002182', NULL, NULL, NULL, '2024-07-01 10:00:00', '2024-07-01 10:00:00', 0);
INSERT INTO `resident` VALUES (183, 183, '万辉', '110150198508022901', 0, '1985-08-02', '蒙古族', '北京市东城区第十街道17号', '北京市朝阳区第一街道9号', '医生', '大专', 2, '13800001183', '紧急联系人183', '13900002183', NULL, NULL, NULL, '2024-07-02 10:00:00', '2024-07-02 10:00:00', 0);
INSERT INTO `resident` VALUES (184, 184, '周娟', '110186199408210369', 0, '1994-08-21', '汉族', '北京市朝阳区第五街道66号', '北京市朝阳区第二街道79号', '公务员', '大专', 0, '13800001184', '紧急联系人184', '13900002184', NULL, NULL, NULL, '2024-07-03 10:00:00', '2024-07-03 10:00:00', 0);
INSERT INTO `resident` VALUES (185, 185, '龚刚娟', '110135198409206206', 0, '1984-09-20', '回族', '北京市西城区第八街道83号', '北京市丰台区第五街道34号', '工程师', '高中', 2, '13800001185', '紧急联系人185', '13900002185', NULL, NULL, NULL, '2024-07-04 10:00:00', '2024-07-04 10:00:00', 0);
INSERT INTO `resident` VALUES (186, 186, '汤涛军', '110166196805273683', 0, '1968-05-27', '满族', '北京市东城区第二街道38号', '北京市西城区第五街道68号', '教师', '初中', 0, '13800001186', '紧急联系人186', '13900002186', NULL, NULL, NULL, '2024-07-05 10:00:00', '2024-07-05 10:00:00', 0);
INSERT INTO `resident` VALUES (187, 187, '周超桂', '110186200101111196', 1, '2001-01-11', '满族', '北京市西城区第九街道72号', '北京市朝阳区第八街道40号', '企业职员', '本科', 0, '13800001187', '紧急联系人187', '13900002187', NULL, NULL, NULL, '2024-07-06 10:00:00', '2024-07-06 10:00:00', 0);
INSERT INTO `resident` VALUES (188, 188, '马华超', '110188199804274987', 0, '1998-04-27', '汉族', '北京市朝阳区第八街道57号', '北京市西城区第三街道55号', '退休', '小学', 2, '13800001188', '紧急联系人188', '13900002188', NULL, NULL, NULL, '2024-07-07 10:00:00', '2024-07-07 10:00:00', 0);
INSERT INTO `resident` VALUES (189, 189, '段娜辉', '110181195401280590', 1, '1954-01-28', '满族', '北京市东城区第八街道30号', '北京市海淀区第五街道37号', '企业职员', '大专', 3, '13800001189', '紧急联系人189', '13900002189', NULL, NULL, NULL, '2024-07-08 10:00:00', '2024-07-08 10:00:00', 0);
INSERT INTO `resident` VALUES (190, 190, '程华文', '110158196412035709', 0, '1964-12-03', '壮族', '北京市东城区第二街道7号', '北京市东城区第八街道33号', '公务员', '小学', 3, '13800001190', '紧急联系人190', '13900002190', NULL, NULL, NULL, '2024-07-09 10:00:00', '2024-07-09 10:00:00', 0);
INSERT INTO `resident` VALUES (191, 191, '袁文杰', '110137196611180096', 1, '1966-11-18', '壮族', '北京市西城区第九街道58号', '北京市海淀区第十街道96号', '学生', '小学', 3, '13800001191', '紧急联系人191', '13900002191', NULL, NULL, NULL, '2024-07-10 10:00:00', '2024-07-10 10:00:00', 0);
INSERT INTO `resident` VALUES (192, 192, '白敏', '110127197803112321', 0, '1978-03-11', '蒙古族', '北京市海淀区第四街道77号', '北京市丰台区第十街道21号', '医生', '初中', 3, '13800001192', '紧急联系人192', '13900002192', NULL, NULL, NULL, '2024-07-11 10:00:00', '2024-07-11 10:00:00', 0);
INSERT INTO `resident` VALUES (193, 193, '乔磊华', '110143199912029861', 0, '1999-12-02', '壮族', '北京市东城区第三街道63号', '北京市海淀区第四街道90号', '公务员', '本科', 2, '13800001193', '紧急联系人193', '13900002193', NULL, NULL, NULL, '2024-07-12 10:00:00', '2024-07-12 10:00:00', 0);
INSERT INTO `resident` VALUES (194, 194, '文磊', '110133199906223885', 0, '1999-06-22', '壮族', '北京市丰台区第五街道54号', '北京市海淀区第三街道9号', '自由职业', '初中', 0, '13800001194', '紧急联系人194', '13900002194', NULL, NULL, NULL, '2024-07-13 10:00:00', '2024-07-13 10:00:00', 0);
INSERT INTO `resident` VALUES (195, 195, '郝磊', '110179199208271004', 0, '1992-08-27', '壮族', '北京市朝阳区第七街道5号', '北京市海淀区第三街道25号', '企业职员', '初中', 2, '13800001195', '紧急联系人195', '13900002195', NULL, NULL, NULL, '2024-07-14 10:00:00', '2024-07-14 10:00:00', 0);
INSERT INTO `resident` VALUES (196, 196, '贾伟英', '110188197007149190', 1, '1970-07-14', '满族', '北京市西城区第七街道21号', '北京市丰台区第二街道85号', '学生', '高中', 3, '13800001196', '紧急联系人196', '13900002196', NULL, NULL, NULL, '2024-07-15 10:00:00', '2024-07-15 10:00:00', 0);
INSERT INTO `resident` VALUES (197, 197, '孔洋芳', '110158195411081280', 0, '1954-11-08', '满族', '北京市朝阳区第九街道9号', '北京市丰台区第三街道51号', '学生', '高中', 3, '13800001197', '紧急联系人197', '13900002197', NULL, NULL, NULL, '2024-07-16 10:00:00', '2024-07-16 10:00:00', 0);
INSERT INTO `resident` VALUES (198, 198, '白英刚', '110192198407205298', 1, '1984-07-20', '回族', '北京市东城区第四街道66号', '北京市海淀区第九街道5号', '学生', '本科', 0, '13800001198', '紧急联系人198', '13900002198', NULL, NULL, NULL, '2024-07-17 10:00:00', '2024-07-17 10:00:00', 0);
INSERT INTO `resident` VALUES (199, 199, '谭英', '110181198807209651', 1, '1988-07-20', '回族', '北京市丰台区第十街道83号', '北京市海淀区第二街道97号', '医生', '初中', 3, '13800001199', '紧急联系人199', '13900002199', NULL, NULL, NULL, '2024-07-18 10:00:00', '2024-07-18 10:00:00', 0);
INSERT INTO `resident` VALUES (200, 200, '康洋娟', '110148197501202584', 0, '1975-01-20', '壮族', '北京市丰台区第七街道61号', '北京市朝阳区第一街道86号', '教师', '本科', 1, '13800001200', '紧急联系人200', '13900002200', NULL, NULL, NULL, '2024-07-19 10:00:00', '2024-07-19 10:00:00', 0);
INSERT INTO `resident` VALUES (201, 201, '杜刚芳', '110101195201072629', 0, '1952-01-07', '回族', '北京市丰台区第十街道35号', '北京市丰台区第二街道11号', '医生', '大专', 0, '13800001201', '紧急联系人201', '13900002201', NULL, NULL, NULL, '2024-07-20 10:00:00', '2024-07-20 10:00:00', 0);
INSERT INTO `resident` VALUES (202, 202, '王芳', '110183198106181846', 0, '1981-06-18', '回族', '北京市东城区第四街道87号', '北京市朝阳区第四街道28号', '工程师', '大专', 2, '13800001202', '紧急联系人202', '13900002202', NULL, NULL, NULL, '2024-07-21 10:00:00', '2024-07-21 10:00:00', 0);
INSERT INTO `resident` VALUES (203, 203, '杨芳', '110169199707085887', 0, '1997-07-08', '汉族', '北京市东城区第七街道26号', '北京市海淀区第二街道83号', '企业职员', '小学', 3, '13800001203', '紧急联系人203', '13900002203', NULL, NULL, NULL, '2024-07-22 10:00:00', '2024-07-22 10:00:00', 0);
INSERT INTO `resident` VALUES (204, 204, '李文勇', '110155197109107298', 1, '1971-09-10', '回族', '北京市西城区第九街道38号', '北京市西城区第一街道99号', '自由职业', '本科', 2, '13800001204', '紧急联系人204', '13900002204', NULL, NULL, NULL, '2024-07-23 10:00:00', '2024-07-23 10:00:00', 0);
INSERT INTO `resident` VALUES (205, 205, '贾静', '110160199102181380', 0, '1991-02-18', '满族', '北京市西城区第三街道48号', '北京市东城区第八街道91号', '医生', '高中', 2, '13800001205', '紧急联系人205', '13900002205', NULL, NULL, NULL, '2024-07-24 10:00:00', '2024-07-24 10:00:00', 0);
INSERT INTO `resident` VALUES (206, 206, '许涛', '110150195905168054', 1, '1959-05-16', '壮族', '北京市丰台区第十街道81号', '北京市海淀区第三街道43号', '医生', '研究生', 3, '13800001206', '紧急联系人206', '13900002206', NULL, NULL, NULL, '2024-07-25 10:00:00', '2024-07-25 10:00:00', 0);
INSERT INTO `resident` VALUES (207, 207, '徐洋', '110139198301080617', 1, '1983-01-08', '满族', '北京市丰台区第二街道80号', '北京市西城区第四街道92号', '自由职业', '大专', 0, '13800001207', '紧急联系人207', '13900002207', NULL, NULL, NULL, '2024-07-26 10:00:00', '2024-07-26 10:00:00', 0);
INSERT INTO `resident` VALUES (208, 208, '万力敏', '110153200303079181', 0, '2003-03-07', '汉族', '北京市丰台区第四街道11号', '北京市西城区第八街道66号', '退休', '本科', 3, '13800001208', '紧急联系人208', '13900002208', NULL, NULL, NULL, '2024-07-27 10:00:00', '2024-07-27 10:00:00', 0);
INSERT INTO `resident` VALUES (209, 209, '锺磊洋', '110138196102270638', 1, '1961-02-27', '壮族', '北京市海淀区第十街道72号', '北京市东城区第八街道41号', '学生', '本科', 0, '13800001209', '紧急联系人209', '13900002209', NULL, NULL, NULL, '2024-07-28 10:00:00', '2024-07-28 10:00:00', 0);
INSERT INTO `resident` VALUES (210, 210, '谢力', '110108197208283557', 1, '1972-08-28', '满族', '北京市朝阳区第四街道22号', '北京市朝阳区第九街道12号', '退休', '初中', 0, '13800001210', '紧急联系人210', '13900002210', NULL, NULL, NULL, '2024-07-29 10:00:00', '2024-07-29 10:00:00', 0);
INSERT INTO `resident` VALUES (211, 211, '武伟', '110182195902083218', 1, '1959-02-08', '蒙古族', '北京市朝阳区第八街道41号', '北京市东城区第五街道2号', '自由职业', '本科', 0, '13800001211', '紧急联系人211', '13900002211', NULL, NULL, NULL, '2024-07-30 10:00:00', '2024-07-30 10:00:00', 0);
INSERT INTO `resident` VALUES (212, 212, '陈伟明', '110113199901196360', 0, '1999-01-19', '汉族', '北京市西城区第六街道9号', '北京市丰台区第九街道97号', '医生', '研究生', 3, '13800001212', '紧急联系人212', '13900002212', NULL, NULL, NULL, '2024-07-31 10:00:00', '2024-07-31 10:00:00', 0);
INSERT INTO `resident` VALUES (213, 213, '易力', '110124199005191702', 0, '1990-05-19', '蒙古族', '北京市西城区第九街道70号', '北京市丰台区第三街道63号', '工程师', '研究生', 3, '13800001213', '紧急联系人213', '13900002213', NULL, NULL, NULL, '2024-08-01 10:00:00', '2024-08-01 10:00:00', 0);
INSERT INTO `resident` VALUES (214, 214, '何芳勇', '110127198204184865', 0, '1982-04-18', '蒙古族', '北京市西城区第六街道28号', '北京市东城区第三街道59号', '教师', '高中', 0, '13800001214', '紧急联系人214', '13900002214', NULL, NULL, NULL, '2024-08-02 10:00:00', '2024-08-02 10:00:00', 0);
INSERT INTO `resident` VALUES (215, 215, '孔桂英', '110137197709251998', 1, '1977-09-25', '回族', '北京市海淀区第二街道40号', '北京市东城区第一街道49号', '医生', '初中', 3, '13800001215', '紧急联系人215', '13900002215', NULL, NULL, NULL, '2024-08-03 10:00:00', '2024-08-03 10:00:00', 0);
INSERT INTO `resident` VALUES (216, 216, '姚秀', '110118196206143635', 1, '1962-06-14', '壮族', '北京市丰台区第一街道67号', '北京市朝阳区第二街道78号', '工程师', '高中', 0, '13800001216', '紧急联系人216', '13900002216', NULL, NULL, NULL, '2024-08-04 10:00:00', '2024-08-04 10:00:00', 0);
INSERT INTO `resident` VALUES (217, 217, '孙杰敏', '110170196412267897', 1, '1964-12-26', '壮族', '北京市朝阳区第六街道73号', '北京市丰台区第六街道77号', '工程师', '小学', 2, '13800001217', '紧急联系人217', '13900002217', NULL, NULL, NULL, '2024-08-05 10:00:00', '2024-08-05 10:00:00', 0);
INSERT INTO `resident` VALUES (218, 218, '梁明', '110113199104060481', 0, '1991-04-06', '壮族', '北京市海淀区第七街道26号', '北京市西城区第五街道80号', '自由职业', '初中', 3, '13800001218', '紧急联系人218', '13900002218', NULL, NULL, NULL, '2024-08-06 10:00:00', '2024-08-06 10:00:00', 0);
INSERT INTO `resident` VALUES (219, 219, '万英勇', '110118195911289635', 1, '1959-11-28', '壮族', '北京市西城区第五街道77号', '北京市西城区第七街道57号', '学生', '高中', 2, '13800001219', '紧急联系人219', '13900002219', NULL, NULL, NULL, '2024-08-07 10:00:00', '2024-08-07 10:00:00', 0);
INSERT INTO `resident` VALUES (220, 220, '毛强芳', '110145196508084398', 1, '1965-08-08', '回族', '北京市西城区第六街道33号', '北京市丰台区第六街道95号', '医生', '研究生', 3, '13800001220', '紧急联系人220', '13900002220', NULL, NULL, NULL, '2024-08-08 10:00:00', '2024-08-08 10:00:00', 0);
INSERT INTO `resident` VALUES (221, 221, '林强刚', '110137198904144208', 0, '1989-04-14', '回族', '北京市丰台区第六街道21号', '北京市海淀区第八街道78号', '学生', '高中', 3, '13800001221', '紧急联系人221', '13900002221', NULL, NULL, NULL, '2024-08-09 10:00:00', '2024-08-09 10:00:00', 0);
INSERT INTO `resident` VALUES (222, 222, '武强', '110146196406102494', 1, '1964-06-10', '壮族', '北京市丰台区第七街道61号', '北京市丰台区第一街道56号', '公务员', '大专', 3, '13800001222', '紧急联系人222', '13900002222', NULL, NULL, NULL, '2024-08-10 10:00:00', '2024-08-10 10:00:00', 0);
INSERT INTO `resident` VALUES (223, 223, '萧敏敏', '110118196412225084', 0, '1964-12-22', '满族', '北京市朝阳区第三街道82号', '北京市海淀区第一街道51号', '工程师', '研究生', 2, '13800001223', '紧急联系人223', '13900002223', NULL, NULL, NULL, '2024-08-11 10:00:00', '2024-08-11 10:00:00', 0);
INSERT INTO `resident` VALUES (224, 224, '傅建', '110164195310237599', 1, '1953-10-23', '汉族', '北京市东城区第七街道98号', '北京市丰台区第十街道63号', '公务员', '初中', 2, '13800001224', '紧急联系人224', '13900002224', NULL, NULL, NULL, '2024-08-12 10:00:00', '2024-08-12 10:00:00', 0);
INSERT INTO `resident` VALUES (225, 225, '董丽', '110106199703166617', 1, '1997-03-16', '汉族', '北京市西城区第九街道83号', '北京市西城区第三街道46号', '自由职业', '研究生', 1, '13800001225', '紧急联系人225', '13900002225', NULL, NULL, NULL, '2024-08-13 10:00:00', '2024-08-13 10:00:00', 0);
INSERT INTO `resident` VALUES (226, 226, '廖芳', '110122195110209927', 0, '1951-10-20', '回族', '北京市丰台区第四街道4号', '北京市朝阳区第八街道40号', '企业职员', '研究生', 2, '13800001226', '紧急联系人226', '13900002226', NULL, NULL, NULL, '2024-08-14 10:00:00', '2024-08-14 10:00:00', 0);
INSERT INTO `resident` VALUES (227, 227, '余静', '110157198011189617', 1, '1980-11-18', '汉族', '北京市东城区第十街道87号', '北京市海淀区第四街道57号', '学生', '小学', 1, '13800001227', '紧急联系人227', '13900002227', NULL, NULL, NULL, '2024-08-15 10:00:00', '2024-08-15 10:00:00', 0);
INSERT INTO `resident` VALUES (228, 228, '马敏', '110158197101260872', 1, '1971-01-26', '回族', '北京市朝阳区第九街道63号', '北京市东城区第五街道21号', '自由职业', '研究生', 3, '13800001228', '紧急联系人228', '13900002228', NULL, NULL, NULL, '2024-08-16 10:00:00', '2024-08-16 10:00:00', 0);
INSERT INTO `resident` VALUES (229, 229, '余伟敏', '110164195111074228', 0, '1951-11-07', '蒙古族', '北京市海淀区第五街道44号', '北京市东城区第一街道5号', '医生', '研究生', 2, '13800001229', '紧急联系人229', '13900002229', NULL, NULL, NULL, '2024-08-17 10:00:00', '2024-08-17 10:00:00', 0);
INSERT INTO `resident` VALUES (230, 230, '李力敏', '110123198302273297', 1, '1983-02-27', '壮族', '北京市丰台区第一街道30号', '北京市西城区第五街道97号', '公务员', '小学', 1, '13800001230', '紧急联系人230', '13900002230', NULL, NULL, NULL, '2024-08-18 10:00:00', '2024-08-18 10:00:00', 0);
INSERT INTO `resident` VALUES (231, 231, '彭刚', '110139200001154386', 0, '2000-01-15', '壮族', '北京市东城区第五街道20号', '北京市东城区第十街道51号', '学生', '初中', 0, '13800001231', '紧急联系人231', '13900002231', NULL, NULL, NULL, '2024-08-19 10:00:00', '2024-08-19 10:00:00', 0);
INSERT INTO `resident` VALUES (232, 232, '汤娟伟', '110111198408123133', 1, '1984-08-12', '汉族', '北京市海淀区第二街道11号', '北京市丰台区第六街道62号', '企业职员', '研究生', 3, '13800001232', '紧急联系人232', '13900002232', NULL, NULL, NULL, '2024-08-20 10:00:00', '2024-08-20 10:00:00', 0);
INSERT INTO `resident` VALUES (233, 233, '袁杰', '110117195910152980', 0, '1959-10-15', '回族', '北京市海淀区第八街道81号', '北京市丰台区第七街道70号', '企业职员', '研究生', 2, '13800001233', '紧急联系人233', '13900002233', NULL, NULL, NULL, '2024-08-21 10:00:00', '2024-08-21 10:00:00', 0);
INSERT INTO `resident` VALUES (234, 234, '史超', '110176199107143544', 0, '1991-07-14', '蒙古族', '北京市海淀区第四街道87号', '北京市海淀区第五街道80号', '企业职员', '小学', 0, '13800001234', '紧急联系人234', '13900002234', NULL, NULL, NULL, '2024-08-22 10:00:00', '2024-08-22 10:00:00', 0);
INSERT INTO `resident` VALUES (235, 235, '梁平英', '110179195710126700', 0, '1957-10-12', '蒙古族', '北京市朝阳区第七街道29号', '北京市西城区第四街道58号', '自由职业', '研究生', 0, '13800001235', '紧急联系人235', '13900002235', NULL, NULL, NULL, '2024-08-23 10:00:00', '2024-08-23 10:00:00', 0);
INSERT INTO `resident` VALUES (236, 236, '金敏超', '110109195511059770', 1, '1955-11-05', '汉族', '北京市朝阳区第十街道34号', '北京市丰台区第七街道31号', '自由职业', '高中', 3, '13800001236', '紧急联系人236', '13900002236', NULL, NULL, NULL, '2024-08-24 10:00:00', '2024-08-24 10:00:00', 0);
INSERT INTO `resident` VALUES (237, 237, '邱洋', '110177197310242808', 0, '1973-10-24', '蒙古族', '北京市西城区第八街道22号', '北京市东城区第七街道41号', '退休', '本科', 1, '13800001237', '紧急联系人237', '13900002237', NULL, NULL, NULL, '2024-08-25 10:00:00', '2024-08-25 10:00:00', 0);
INSERT INTO `resident` VALUES (238, 238, '彭桂娜', '110109199303211766', 0, '1993-03-21', '蒙古族', '北京市朝阳区第三街道10号', '北京市东城区第四街道52号', '企业职员', '高中', 3, '13800001238', '紧急联系人238', '13900002238', NULL, NULL, NULL, '2024-08-26 10:00:00', '2024-08-26 10:00:00', 0);
INSERT INTO `resident` VALUES (239, 239, '石明杰', '110123195009200251', 1, '1950-09-20', '壮族', '北京市丰台区第六街道21号', '北京市西城区第八街道20号', '学生', '大专', 0, '13800001239', '紧急联系人239', '13900002239', NULL, NULL, NULL, '2024-08-27 10:00:00', '2024-08-27 10:00:00', 0);
INSERT INTO `resident` VALUES (240, 240, '余艳', '110107196408058190', 1, '1964-08-05', '回族', '北京市西城区第三街道69号', '北京市西城区第八街道26号', '退休', '本科', 3, '13800001240', '紧急联系人240', '13900002240', NULL, NULL, NULL, '2024-08-28 10:00:00', '2024-08-28 10:00:00', 0);
INSERT INTO `resident` VALUES (241, 241, '张力杰', '110176195404107440', 0, '1954-04-10', '回族', '北京市海淀区第三街道40号', '北京市海淀区第四街道95号', '企业职员', '初中', 0, '13800001241', '紧急联系人241', '13900002241', NULL, NULL, NULL, '2024-08-29 10:00:00', '2024-08-29 10:00:00', 0);
INSERT INTO `resident` VALUES (242, 242, '胡桂', '110188195005013095', 1, '1950-05-01', '壮族', '北京市东城区第六街道75号', '北京市朝阳区第十街道63号', '工程师', '大专', 0, '13800001242', '紧急联系人242', '13900002242', NULL, NULL, NULL, '2024-08-30 10:00:00', '2024-08-30 10:00:00', 0);
INSERT INTO `resident` VALUES (243, 243, '孙超桂', '110148198207012790', 1, '1982-07-01', '汉族', '北京市东城区第九街道17号', '北京市西城区第八街道19号', '学生', '大专', 1, '13800001243', '紧急联系人243', '13900002243', NULL, NULL, NULL, '2024-08-31 10:00:00', '2024-08-31 10:00:00', 0);
INSERT INTO `resident` VALUES (244, 244, '沈强', '110112200512231742', 0, '2005-12-23', '满族', '北京市朝阳区第五街道59号', '北京市东城区第九街道99号', '公务员', '初中', 0, '13800001244', '紧急联系人244', '13900002244', NULL, NULL, NULL, '2024-09-01 10:00:00', '2024-09-01 10:00:00', 0);
INSERT INTO `resident` VALUES (245, 245, '沈桂丽', '110179196406126596', 1, '1964-06-12', '汉族', '北京市丰台区第六街道3号', '北京市海淀区第七街道13号', '自由职业', '初中', 0, '13800001245', '紧急联系人245', '13900002245', NULL, NULL, NULL, '2024-09-02 10:00:00', '2024-09-02 10:00:00', 0);
INSERT INTO `resident` VALUES (246, NULL, '曹磊', '110196197207098974', 1, '1972-07-09', '汉族', '北京市西城区第五街道48号', '北京市朝阳区第九街道89号', '教师', '高中', 3, '13800001246', '紧急联系人246', '13900002246', NULL, NULL, NULL, '2024-09-03 10:00:00', '2024-09-03 10:00:00', 0);
INSERT INTO `resident` VALUES (247, NULL, '陈华', '110200199104054531', 1, '1991-04-05', '汉族', '北京市丰台区第二街道8号', '北京市丰台区第四街道90号', '公务员', '本科', 1, '13800001247', '紧急联系人247', '13900002247', NULL, NULL, NULL, '2024-09-04 10:00:00', '2024-09-04 10:00:00', 0);
INSERT INTO `resident` VALUES (248, NULL, '贺娜超', '110106196011274295', 1, '1960-11-27', '回族', '北京市西城区第七街道64号', '北京市海淀区第九街道26号', '自由职业', '大专', 3, '13800001248', '紧急联系人248', '13900002248', NULL, NULL, NULL, '2024-09-05 10:00:00', '2024-09-05 10:00:00', 0);
INSERT INTO `resident` VALUES (249, NULL, '秦静', '110132198806041915', 1, '1988-06-04', '壮族', '北京市东城区第九街道40号', '北京市海淀区第七街道8号', '公务员', '初中', 1, '13800001249', '紧急联系人249', '13900002249', NULL, NULL, NULL, '2024-09-06 10:00:00', '2024-09-06 10:00:00', 0);
INSERT INTO `resident` VALUES (250, NULL, '崔芳力', '110119199002153835', 1, '1990-02-15', '汉族', '北京市朝阳区第五街道78号', '北京市西城区第三街道54号', '教师', '大专', 0, '13800001250', '紧急联系人250', '13900002250', NULL, NULL, NULL, '2024-09-07 10:00:00', '2024-09-07 10:00:00', 0);
INSERT INTO `resident` VALUES (251, NULL, '汪超', '110194199402025490', 1, '1994-02-02', '满族', '北京市海淀区第五街道13号', '北京市海淀区第六街道45号', '自由职业', '研究生', 3, '13800001251', '紧急联系人251', '13900002251', NULL, NULL, NULL, '2024-09-08 10:00:00', '2024-09-08 10:00:00', 0);
INSERT INTO `resident` VALUES (252, NULL, '苏伟洋', '110152198303132159', 1, '1983-03-13', '汉族', '北京市西城区第四街道25号', '北京市朝阳区第八街道34号', '企业职员', '大专', 1, '13800001252', '紧急联系人252', '13900002252', NULL, NULL, NULL, '2024-09-09 10:00:00', '2024-09-09 10:00:00', 0);
INSERT INTO `resident` VALUES (253, NULL, '丁涛', '110103199503155579', 1, '1995-03-15', '满族', '北京市丰台区第七街道68号', '北京市西城区第五街道70号', '医生', '本科', 1, '13800001253', '紧急联系人253', '13900002253', NULL, NULL, NULL, '2024-09-10 10:00:00', '2024-09-10 10:00:00', 0);
INSERT INTO `resident` VALUES (254, NULL, '范磊丽', '110125200207229605', 0, '2002-07-22', '汉族', '北京市丰台区第二街道4号', '北京市东城区第九街道93号', '教师', '高中', 0, '13800001254', '紧急联系人254', '13900002254', NULL, NULL, NULL, '2024-09-11 10:00:00', '2024-09-11 10:00:00', 0);
INSERT INTO `resident` VALUES (255, NULL, '白艳洋', '110151197102114573', 1, '1971-02-11', '壮族', '北京市西城区第八街道11号', '北京市海淀区第七街道97号', '退休', '研究生', 3, '13800001255', '紧急联系人255', '13900002255', NULL, NULL, NULL, '2024-09-12 10:00:00', '2024-09-12 10:00:00', 0);
INSERT INTO `resident` VALUES (256, NULL, '胡刚', '110102199908119985', 0, '1999-08-11', '回族', '北京市朝阳区第三街道3号', '北京市西城区第十街道48号', '企业职员', '高中', 2, '13800001256', '紧急联系人256', '13900002256', NULL, NULL, NULL, '2024-09-13 10:00:00', '2024-09-13 10:00:00', 0);
INSERT INTO `resident` VALUES (257, NULL, '孔娜', '110186197310256984', 0, '1973-10-25', '回族', '北京市海淀区第七街道27号', '北京市西城区第八街道28号', '教师', '大专', 2, '13800001257', '紧急联系人257', '13900002257', NULL, NULL, NULL, '2024-09-14 10:00:00', '2024-09-14 10:00:00', 0);
INSERT INTO `resident` VALUES (258, NULL, '胡丽秀', '110177198706071641', 0, '1987-06-07', '汉族', '北京市东城区第四街道33号', '北京市东城区第七街道90号', '自由职业', '大专', 2, '13800001258', '紧急联系人258', '13900002258', NULL, NULL, NULL, '2024-09-15 10:00:00', '2024-09-15 10:00:00', 0);
INSERT INTO `resident` VALUES (259, NULL, '魏洋', '110151199611230799', 1, '1996-11-23', '满族', '北京市朝阳区第三街道19号', '北京市朝阳区第四街道27号', '医生', '高中', 1, '13800001259', '紧急联系人259', '13900002259', NULL, NULL, NULL, '2024-09-16 10:00:00', '2024-09-16 10:00:00', 0);
INSERT INTO `resident` VALUES (260, NULL, '陆平', '110143199701209648', 0, '1997-01-20', '蒙古族', '北京市东城区第二街道75号', '北京市海淀区第五街道16号', '公务员', '研究生', 3, '13800001260', '紧急联系人260', '13900002260', NULL, NULL, NULL, '2024-09-17 10:00:00', '2024-09-17 10:00:00', 0);
INSERT INTO `resident` VALUES (261, NULL, '萧英', '110154197009160662', 0, '1970-09-16', '壮族', '北京市东城区第四街道81号', '北京市丰台区第六街道81号', '工程师', '初中', 2, '13800001261', '紧急联系人261', '13900002261', NULL, NULL, NULL, '2024-09-18 10:00:00', '2024-09-18 10:00:00', 0);
INSERT INTO `resident` VALUES (262, NULL, '任刚丽', '110128198306094650', 1, '1983-06-09', '蒙古族', '北京市东城区第六街道55号', '北京市朝阳区第一街道1号', '自由职业', '本科', 1, '13800001262', '紧急联系人262', '13900002262', NULL, NULL, NULL, '2024-09-19 10:00:00', '2024-09-19 10:00:00', 0);
INSERT INTO `resident` VALUES (263, NULL, '孟超', '110123197506263411', 1, '1975-06-26', '蒙古族', '北京市东城区第十街道38号', '北京市朝阳区第一街道30号', '医生', '初中', 2, '13800001263', '紧急联系人263', '13900002263', NULL, NULL, NULL, '2024-09-20 10:00:00', '2024-09-20 10:00:00', 0);
INSERT INTO `resident` VALUES (264, NULL, '何敏', '110163198709164659', 1, '1987-09-16', '壮族', '北京市东城区第六街道65号', '北京市西城区第一街道40号', '学生', '小学', 0, '13800001264', '紧急联系人264', '13900002264', NULL, NULL, NULL, '2024-09-21 10:00:00', '2024-09-21 10:00:00', 0);
INSERT INTO `resident` VALUES (265, NULL, '常力', '110165195403183366', 0, '1954-03-18', '壮族', '北京市西城区第十街道28号', '北京市西城区第八街道100号', '退休', '高中', 1, '13800001265', '紧急联系人265', '13900002265', NULL, NULL, NULL, '2024-09-22 10:00:00', '2024-09-22 10:00:00', 0);
INSERT INTO `resident` VALUES (266, NULL, '毛文', '110150198701041436', 1, '1987-01-04', '壮族', '北京市朝阳区第十街道37号', '北京市丰台区第九街道37号', '医生', '小学', 2, '13800001266', '紧急联系人266', '13900002266', NULL, NULL, NULL, '2024-09-23 10:00:00', '2024-09-23 10:00:00', 0);
INSERT INTO `resident` VALUES (267, NULL, '傅娟', '110186196503093407', 0, '1965-03-09', '回族', '北京市丰台区第二街道26号', '北京市东城区第一街道83号', '教师', '研究生', 1, '13800001267', '紧急联系人267', '13900002267', NULL, NULL, NULL, '2024-09-24 10:00:00', '2024-09-24 10:00:00', 0);
INSERT INTO `resident` VALUES (268, NULL, '文建', '110133196111169163', 0, '1961-11-16', '蒙古族', '北京市东城区第八街道39号', '北京市东城区第五街道16号', '公务员', '高中', 3, '13800001268', '紧急联系人268', '13900002268', NULL, NULL, NULL, '2024-09-25 10:00:00', '2024-09-25 10:00:00', 0);
INSERT INTO `resident` VALUES (269, NULL, '易刚平', '110172195606231862', 0, '1956-06-23', '汉族', '北京市海淀区第三街道11号', '北京市丰台区第九街道53号', '医生', '大专', 0, '13800001269', '紧急联系人269', '13900002269', NULL, NULL, NULL, '2024-09-26 10:00:00', '2024-09-26 10:00:00', 0);
INSERT INTO `resident` VALUES (270, NULL, '贺丽', '110193197905133395', 1, '1979-05-13', '壮族', '北京市海淀区第九街道13号', '北京市朝阳区第五街道61号', '学生', '小学', 3, '13800001270', '紧急联系人270', '13900002270', NULL, NULL, NULL, '2024-09-27 10:00:00', '2024-09-27 10:00:00', 0);
INSERT INTO `resident` VALUES (271, NULL, '易明娜', '110161195805100223', 0, '1958-05-10', '蒙古族', '北京市丰台区第九街道33号', '北京市朝阳区第七街道74号', '学生', '研究生', 1, '13800001271', '紧急联系人271', '13900002271', NULL, NULL, NULL, '2024-09-28 10:00:00', '2024-09-28 10:00:00', 0);
INSERT INTO `resident` VALUES (272, NULL, '汤伟', '110132198901033171', 1, '1989-01-03', '壮族', '北京市朝阳区第四街道32号', '北京市西城区第二街道44号', '学生', '高中', 0, '13800001272', '紧急联系人272', '13900002272', NULL, NULL, NULL, '2024-09-29 10:00:00', '2024-09-29 10:00:00', 0);
INSERT INTO `resident` VALUES (273, NULL, '潘丽', '110196198011206234', 1, '1980-11-20', '回族', '北京市朝阳区第一街道95号', '北京市西城区第五街道99号', '企业职员', '大专', 1, '13800001273', '紧急联系人273', '13900002273', NULL, NULL, NULL, '2024-09-30 10:00:00', '2024-09-30 10:00:00', 0);
INSERT INTO `resident` VALUES (274, NULL, '黎英', '110103196612281255', 1, '1966-12-28', '满族', '北京市西城区第十街道11号', '北京市东城区第三街道91号', '退休', '研究生', 3, '13800001274', '紧急联系人274', '13900002274', NULL, NULL, NULL, '2024-10-01 10:00:00', '2024-10-01 10:00:00', 0);
INSERT INTO `resident` VALUES (275, NULL, '彭刚', '110190200101186243', 0, '2001-01-18', '壮族', '北京市东城区第一街道96号', '北京市西城区第一街道44号', '教师', '小学', 1, '13800001275', '紧急联系人275', '13900002275', NULL, NULL, NULL, '2024-10-02 10:00:00', '2024-10-02 10:00:00', 0);
INSERT INTO `resident` VALUES (276, NULL, '薛勇', '110189199803085926', 0, '1998-03-08', '壮族', '北京市朝阳区第二街道40号', '北京市西城区第三街道62号', '公务员', '高中', 2, '13800001276', '紧急联系人276', '13900002276', NULL, NULL, NULL, '2024-10-03 10:00:00', '2024-10-03 10:00:00', 0);
INSERT INTO `resident` VALUES (277, NULL, '程娟丽', '110189199903158993', 1, '1999-03-15', '回族', '北京市海淀区第一街道46号', '北京市海淀区第七街道82号', '教师', '大专', 0, '13800001277', '紧急联系人277', '13900002277', NULL, NULL, NULL, '2024-10-04 10:00:00', '2024-10-04 10:00:00', 0);
INSERT INTO `resident` VALUES (278, NULL, '郑力', '110176196405062397', 1, '1964-05-06', '汉族', '北京市海淀区第五街道28号', '北京市朝阳区第六街道39号', '工程师', '大专', 0, '13800001278', '紧急联系人278', '13900002278', NULL, NULL, NULL, '2024-10-05 10:00:00', '2024-10-05 10:00:00', 0);
INSERT INTO `resident` VALUES (279, NULL, '史刚', '110170200512277050', 1, '2005-12-27', '汉族', '北京市海淀区第三街道31号', '北京市东城区第五街道7号', '教师', '初中', 0, '13800001279', '紧急联系人279', '13900002279', NULL, NULL, NULL, '2024-10-06 10:00:00', '2024-10-06 10:00:00', 0);
INSERT INTO `resident` VALUES (280, NULL, '卢艳娜', '110115196710250682', 0, '1967-10-25', '壮族', '北京市丰台区第一街道38号', '北京市丰台区第十街道11号', '学生', '本科', 1, '13800001280', '紧急联系人280', '13900002280', NULL, NULL, NULL, '2024-10-07 10:00:00', '2024-10-07 10:00:00', 0);
INSERT INTO `resident` VALUES (281, NULL, '谭杰', '110154195402052145', 0, '1954-02-05', '壮族', '北京市东城区第八街道66号', '北京市朝阳区第四街道50号', '公务员', '研究生', 1, '13800001281', '紧急联系人281', '13900002281', NULL, NULL, NULL, '2024-10-08 10:00:00', '2024-10-08 10:00:00', 0);
INSERT INTO `resident` VALUES (282, NULL, '萧娜秀', '110131198703285597', 1, '1987-03-28', '回族', '北京市朝阳区第十街道85号', '北京市海淀区第九街道57号', '医生', '初中', 1, '13800001282', '紧急联系人282', '13900002282', NULL, NULL, NULL, '2024-10-09 10:00:00', '2024-10-09 10:00:00', 0);
INSERT INTO `resident` VALUES (283, NULL, '潘洋', '110133198809088314', 1, '1988-09-08', '壮族', '北京市丰台区第九街道39号', '北京市西城区第三街道85号', '公务员', '大专', 3, '13800001283', '紧急联系人283', '13900002283', NULL, NULL, NULL, '2024-10-10 10:00:00', '2024-10-10 10:00:00', 0);
INSERT INTO `resident` VALUES (284, NULL, '张强', '110113196109240902', 0, '1961-09-24', '汉族', '北京市朝阳区第二街道48号', '北京市丰台区第一街道66号', '教师', '高中', 3, '13800001284', '紧急联系人284', '13900002284', NULL, NULL, NULL, '2024-10-11 10:00:00', '2024-10-11 10:00:00', 0);
INSERT INTO `resident` VALUES (285, NULL, '赖勇', '110188198808058994', 1, '1988-08-05', '壮族', '北京市东城区第四街道100号', '北京市丰台区第一街道93号', '公务员', '初中', 0, '13800001285', '紧急联系人285', '13900002285', NULL, NULL, NULL, '2024-10-12 10:00:00', '2024-10-12 10:00:00', 0);
INSERT INTO `resident` VALUES (286, NULL, '段辉', '110147195704247945', 0, '1957-04-24', '壮族', '北京市丰台区第六街道16号', '北京市朝阳区第二街道18号', '企业职员', '高中', 0, '13800001286', '紧急联系人286', '13900002286', NULL, NULL, NULL, '2024-10-13 10:00:00', '2024-10-13 10:00:00', 0);
INSERT INTO `resident` VALUES (287, NULL, '李强', '110130198207221806', 0, '1982-07-22', '汉族', '北京市西城区第九街道41号', '北京市西城区第八街道78号', '学生', '高中', 0, '13800001287', '紧急联系人287', '13900002287', NULL, NULL, NULL, '2024-10-14 10:00:00', '2024-10-14 10:00:00', 0);
INSERT INTO `resident` VALUES (288, NULL, '邱磊伟', '110132196504186425', 0, '1965-04-18', '汉族', '北京市东城区第五街道76号', '北京市西城区第四街道98号', '退休', '研究生', 1, '13800001288', '紧急联系人288', '13900002288', NULL, NULL, NULL, '2024-10-15 10:00:00', '2024-10-15 10:00:00', 0);
INSERT INTO `resident` VALUES (289, NULL, '卢桂英', '110108199010193353', 1, '1990-10-19', '汉族', '北京市丰台区第九街道57号', '北京市海淀区第十街道95号', '学生', '小学', 2, '13800001289', '紧急联系人289', '13900002289', NULL, NULL, NULL, '2024-10-16 10:00:00', '2024-10-16 10:00:00', 0);
INSERT INTO `resident` VALUES (290, NULL, '朱超桂', '110116195506044270', 1, '1955-06-04', '汉族', '北京市东城区第四街道54号', '北京市东城区第五街道36号', '公务员', '初中', 3, '13800001290', '紧急联系人290', '13900002290', NULL, NULL, NULL, '2024-10-17 10:00:00', '2024-10-17 10:00:00', 0);
INSERT INTO `resident` VALUES (291, NULL, '叶娟', '110133197102169796', 1, '1971-02-16', '满族', '北京市东城区第十街道78号', '北京市丰台区第三街道46号', '企业职员', '高中', 0, '13800001291', '紧急联系人291', '13900002291', NULL, NULL, NULL, '2024-10-18 10:00:00', '2024-10-18 10:00:00', 0);
INSERT INTO `resident` VALUES (292, NULL, '魏娜', '110151198803014044', 0, '1988-03-01', '汉族', '北京市丰台区第四街道3号', '北京市朝阳区第七街道65号', '公务员', '小学', 3, '13800001292', '紧急联系人292', '13900002292', NULL, NULL, NULL, '2024-10-19 10:00:00', '2024-10-19 10:00:00', 0);
INSERT INTO `resident` VALUES (293, NULL, '陈娜', '110183197311038787', 0, '1973-11-03', '壮族', '北京市东城区第一街道9号', '北京市海淀区第一街道30号', '公务员', '初中', 3, '13800001293', '紧急联系人293', '13900002293', NULL, NULL, NULL, '2024-10-20 10:00:00', '2024-10-20 10:00:00', 0);
INSERT INTO `resident` VALUES (294, NULL, '沈敏', '110104198503048192', 1, '1985-03-04', '汉族', '北京市东城区第六街道45号', '北京市东城区第一街道20号', '学生', '大专', 0, '13800001294', '紧急联系人294', '13900002294', NULL, NULL, NULL, '2024-10-21 10:00:00', '2024-10-21 10:00:00', 0);
INSERT INTO `resident` VALUES (295, NULL, '李勇丽', '110152197409042049', 0, '1974-09-04', '回族', '北京市丰台区第八街道88号', '北京市朝阳区第三街道77号', '教师', '小学', 3, '13800001295', '紧急联系人295', '13900002295', NULL, NULL, NULL, '2024-10-22 10:00:00', '2024-10-22 10:00:00', 0);
INSERT INTO `resident` VALUES (296, NULL, '秦娜', '110145196111237742', 0, '1961-11-23', '回族', '北京市丰台区第八街道3号', '北京市丰台区第六街道97号', '医生', '研究生', 0, '13800001296', '紧急联系人296', '13900002296', NULL, NULL, NULL, '2024-10-23 10:00:00', '2024-10-23 10:00:00', 0);
INSERT INTO `resident` VALUES (297, NULL, '曹杰', '110178198703036383', 0, '1987-03-03', '汉族', '北京市海淀区第五街道49号', '北京市丰台区第四街道88号', '工程师', '小学', 1, '13800001297', '紧急联系人297', '13900002297', NULL, NULL, NULL, '2024-10-24 10:00:00', '2024-10-24 10:00:00', 0);
INSERT INTO `resident` VALUES (298, NULL, '董洋英', '110112195507168817', 1, '1955-07-16', '满族', '北京市西城区第五街道50号', '北京市朝阳区第二街道20号', '自由职业', '大专', 0, '13800001298', '紧急联系人298', '13900002298', NULL, NULL, NULL, '2024-10-25 10:00:00', '2024-10-25 10:00:00', 0);
INSERT INTO `resident` VALUES (299, NULL, '苏艳英', '110179198711144275', 1, '1987-11-14', '满族', '北京市海淀区第九街道69号', '北京市东城区第八街道61号', '自由职业', '大专', 2, '13800001299', '紧急联系人299', '13900002299', NULL, NULL, NULL, '2024-10-26 10:00:00', '2024-10-26 10:00:00', 0);
INSERT INTO `resident` VALUES (300, NULL, '蔡超军', '110157199405161938', 1, '1994-05-16', '蒙古族', '北京市东城区第五街道25号', '北京市东城区第一街道7号', '教师', '高中', 1, '13800001300', '紧急联系人300', '13900002300', NULL, NULL, NULL, '2024-10-27 10:00:00', '2024-10-27 10:00:00', 0);
INSERT INTO `resident` VALUES (301, NULL, '阎英强', '110169200204149372', 1, '2002-04-14', '满族', '北京市海淀区第三街道87号', '北京市西城区第六街道55号', '教师', '高中', 0, '13800001301', '紧急联系人301', '13900002301', NULL, NULL, NULL, '2024-10-28 10:00:00', '2024-10-28 10:00:00', 0);
INSERT INTO `resident` VALUES (302, NULL, '罗丽', '110166198103148632', 1, '1981-03-14', '满族', '北京市海淀区第八街道7号', '北京市朝阳区第十街道79号', '退休', '大专', 0, '13800001302', '紧急联系人302', '13900002302', NULL, NULL, NULL, '2024-10-29 10:00:00', '2024-10-29 10:00:00', 0);
INSERT INTO `resident` VALUES (303, NULL, '杨秀桂', '110145195812147855', 1, '1958-12-14', '蒙古族', '北京市丰台区第七街道20号', '北京市朝阳区第十街道61号', '教师', '大专', 1, '13800001303', '紧急联系人303', '13900002303', NULL, NULL, NULL, '2024-10-30 10:00:00', '2024-10-30 10:00:00', 0);
INSERT INTO `resident` VALUES (304, NULL, '魏强洋', '110151200306177203', 0, '2003-06-17', '回族', '北京市西城区第五街道89号', '北京市朝阳区第五街道40号', '公务员', '初中', 2, '13800001304', '紧急联系人304', '13900002304', NULL, NULL, NULL, '2024-10-31 10:00:00', '2024-10-31 10:00:00', 0);
INSERT INTO `resident` VALUES (305, NULL, '邱建文', '110165199809210433', 1, '1998-09-21', '汉族', '北京市海淀区第十街道20号', '北京市朝阳区第六街道49号', '退休', '小学', 1, '13800001305', '紧急联系人305', '13900002305', NULL, NULL, NULL, '2024-11-01 10:00:00', '2024-11-01 10:00:00', 0);
INSERT INTO `resident` VALUES (306, NULL, '叶伟静', '110165195302120208', 0, '1953-02-12', '壮族', '北京市朝阳区第九街道95号', '北京市朝阳区第九街道67号', '退休', '高中', 1, '13800001306', '紧急联系人306', '13900002306', NULL, NULL, NULL, '2024-11-02 10:00:00', '2024-11-02 10:00:00', 0);
INSERT INTO `resident` VALUES (307, NULL, '姚娜超', '110193197909015810', 1, '1979-09-01', '汉族', '北京市朝阳区第一街道96号', '北京市东城区第二街道7号', '学生', '本科', 1, '13800001307', '紧急联系人307', '13900002307', NULL, NULL, NULL, '2024-11-03 10:00:00', '2024-11-03 10:00:00', 0);
INSERT INTO `resident` VALUES (308, NULL, '于军刚', '110113195702033743', 0, '1957-02-03', '回族', '北京市西城区第九街道51号', '北京市朝阳区第一街道97号', '自由职业', '初中', 1, '13800001308', '紧急联系人308', '13900002308', NULL, NULL, NULL, '2024-11-04 10:00:00', '2024-11-04 10:00:00', 0);
INSERT INTO `resident` VALUES (309, NULL, '丁秀刚', '110115196402206888', 0, '1964-02-20', '回族', '北京市西城区第二街道21号', '北京市西城区第六街道25号', '自由职业', '本科', 2, '13800001309', '紧急联系人309', '13900002309', NULL, NULL, NULL, '2024-11-05 10:00:00', '2024-11-05 10:00:00', 0);
INSERT INTO `resident` VALUES (310, NULL, '余平军', '110163198210128645', 0, '1982-10-12', '汉族', '北京市东城区第五街道16号', '北京市海淀区第一街道23号', '教师', '大专', 1, '13800001310', '紧急联系人310', '13900002310', NULL, NULL, NULL, '2024-11-06 10:00:00', '2024-11-06 10:00:00', 0);
INSERT INTO `resident` VALUES (311, NULL, '田涛娟', '110196198308053594', 1, '1983-08-05', '壮族', '北京市西城区第九街道36号', '北京市海淀区第七街道19号', '教师', '高中', 1, '13800001311', '紧急联系人311', '13900002311', NULL, NULL, NULL, '2024-11-07 10:00:00', '2024-11-07 10:00:00', 0);
INSERT INTO `resident` VALUES (312, NULL, '毛军', '110198199811207161', 0, '1998-11-20', '蒙古族', '北京市丰台区第二街道83号', '北京市丰台区第八街道7号', '医生', '本科', 0, '13800001312', '紧急联系人312', '13900002312', NULL, NULL, NULL, '2024-11-08 10:00:00', '2024-11-08 10:00:00', 0);
INSERT INTO `resident` VALUES (313, NULL, '万华建', '110107195209130285', 0, '1952-09-13', '汉族', '北京市海淀区第二街道98号', '北京市海淀区第四街道17号', '自由职业', '本科', 0, '13800001313', '紧急联系人313', '13900002313', NULL, NULL, NULL, '2024-11-09 10:00:00', '2024-11-09 10:00:00', 0);
INSERT INTO `resident` VALUES (314, NULL, '石艳', '110169198709167368', 0, '1987-09-16', '壮族', '北京市海淀区第六街道44号', '北京市东城区第九街道42号', '公务员', '小学', 0, '13800001314', '紧急联系人314', '13900002314', NULL, NULL, NULL, '2024-11-10 10:00:00', '2024-11-10 10:00:00', 0);
INSERT INTO `resident` VALUES (315, NULL, '宋刚英', '110109199902257970', 1, '1999-02-25', '汉族', '北京市朝阳区第九街道77号', '北京市海淀区第十街道87号', '企业职员', '初中', 1, '13800001315', '紧急联系人315', '13900002315', NULL, NULL, NULL, '2024-11-11 10:00:00', '2024-11-11 10:00:00', 0);
INSERT INTO `resident` VALUES (316, NULL, '蒋明静', '110181196905010275', 1, '1969-05-01', '汉族', '北京市丰台区第一街道66号', '北京市朝阳区第十街道100号', '工程师', '高中', 3, '13800001316', '紧急联系人316', '13900002316', NULL, NULL, NULL, '2024-11-12 10:00:00', '2024-11-12 10:00:00', 0);
INSERT INTO `resident` VALUES (317, NULL, '侯英娟', '110105199308012291', 1, '1993-08-01', '蒙古族', '北京市丰台区第四街道8号', '北京市海淀区第八街道53号', '公务员', '高中', 2, '13800001317', '紧急联系人317', '13900002317', NULL, NULL, NULL, '2024-11-13 10:00:00', '2024-11-13 10:00:00', 0);
INSERT INTO `resident` VALUES (318, NULL, '黄强丽', '110160199803136330', 1, '1998-03-13', '汉族', '北京市东城区第八街道27号', '北京市朝阳区第八街道49号', '医生', '初中', 0, '13800001318', '紧急联系人318', '13900002318', NULL, NULL, NULL, '2024-11-14 10:00:00', '2024-11-14 10:00:00', 0);
INSERT INTO `resident` VALUES (319, NULL, '武英', '110134200004187983', 0, '2000-04-18', '汉族', '北京市丰台区第六街道10号', '北京市东城区第六街道41号', '公务员', '本科', 1, '13800001319', '紧急联系人319', '13900002319', NULL, NULL, NULL, '2024-11-15 10:00:00', '2024-11-15 10:00:00', 0);
INSERT INTO `resident` VALUES (320, NULL, '徐英辉', '110119200110036249', 0, '2001-10-03', '壮族', '北京市西城区第五街道80号', '北京市东城区第十街道79号', '教师', '研究生', 0, '13800001320', '紧急联系人320', '13900002320', NULL, NULL, NULL, '2024-11-16 10:00:00', '2024-11-16 10:00:00', 0);
INSERT INTO `resident` VALUES (321, NULL, '任文军', '110197199803099167', 0, '1998-03-09', '蒙古族', '北京市丰台区第一街道68号', '北京市海淀区第三街道26号', '自由职业', '本科', 1, '13800001321', '紧急联系人321', '13900002321', NULL, NULL, NULL, '2024-11-17 10:00:00', '2024-11-17 10:00:00', 0);
INSERT INTO `resident` VALUES (322, NULL, '常辉', '110174198403024939', 1, '1984-03-02', '壮族', '北京市东城区第九街道11号', '北京市丰台区第一街道77号', '企业职员', '本科', 2, '13800001322', '紧急联系人322', '13900002322', NULL, NULL, NULL, '2024-11-18 10:00:00', '2024-11-18 10:00:00', 0);
INSERT INTO `resident` VALUES (323, NULL, '侯强伟', '110160195406073292', 1, '1954-06-07', '蒙古族', '北京市丰台区第四街道87号', '北京市海淀区第一街道12号', '企业职员', '高中', 0, '13800001323', '紧急联系人323', '13900002323', NULL, NULL, NULL, '2024-11-19 10:00:00', '2024-11-19 10:00:00', 0);
INSERT INTO `resident` VALUES (324, NULL, '余敏', '110139195706270311', 1, '1957-06-27', '回族', '北京市西城区第三街道66号', '北京市东城区第二街道75号', '工程师', '大专', 0, '13800001324', '紧急联系人324', '13900002324', NULL, NULL, NULL, '2024-11-20 10:00:00', '2024-11-20 10:00:00', 0);
INSERT INTO `resident` VALUES (325, NULL, '熊强', '110108199407040487', 0, '1994-07-04', '回族', '北京市东城区第二街道34号', '北京市海淀区第二街道88号', '教师', '大专', 3, '13800001325', '紧急联系人325', '13900002325', NULL, NULL, NULL, '2024-11-21 10:00:00', '2024-11-21 10:00:00', 0);
INSERT INTO `resident` VALUES (326, NULL, '谢艳', '110184199411255535', 1, '1994-11-25', '汉族', '北京市朝阳区第九街道80号', '北京市西城区第六街道19号', '医生', '初中', 1, '13800001326', '紧急联系人326', '13900002326', NULL, NULL, NULL, '2024-11-22 10:00:00', '2024-11-22 10:00:00', 0);
INSERT INTO `resident` VALUES (327, NULL, '万勇', '110176198509234176', 1, '1985-09-23', '汉族', '北京市朝阳区第七街道33号', '北京市西城区第九街道45号', '学生', '大专', 1, '13800001327', '紧急联系人327', '13900002327', NULL, NULL, NULL, '2024-11-23 10:00:00', '2024-11-23 10:00:00', 0);
INSERT INTO `resident` VALUES (328, NULL, '龚涛磊', '110157198607242551', 1, '1986-07-24', '蒙古族', '北京市西城区第十街道89号', '北京市东城区第五街道35号', '公务员', '小学', 0, '13800001328', '紧急联系人328', '13900002328', NULL, NULL, NULL, '2024-11-24 10:00:00', '2024-11-24 10:00:00', 0);
INSERT INTO `resident` VALUES (329, NULL, '夏力', '110200199405127046', 0, '1994-05-12', '蒙古族', '北京市海淀区第十街道97号', '北京市朝阳区第五街道7号', '退休', '大专', 0, '13800001329', '紧急联系人329', '13900002329', NULL, NULL, NULL, '2024-11-25 10:00:00', '2024-11-25 10:00:00', 0);
INSERT INTO `resident` VALUES (330, NULL, '陆刚', '110154199810114998', 1, '1998-10-11', '满族', '北京市西城区第二街道6号', '北京市东城区第七街道100号', '退休', '研究生', 3, '13800001330', '紧急联系人330', '13900002330', NULL, NULL, NULL, '2024-11-26 10:00:00', '2024-11-26 10:00:00', 0);
INSERT INTO `resident` VALUES (331, NULL, '唐芳杰', '110123200108128554', 1, '2001-08-12', '蒙古族', '北京市朝阳区第五街道13号', '北京市朝阳区第三街道87号', '企业职员', '高中', 0, '13800001331', '紧急联系人331', '13900002331', NULL, NULL, NULL, '2024-11-27 10:00:00', '2024-11-27 10:00:00', 0);
INSERT INTO `resident` VALUES (332, NULL, '方秀', '110186200409238354', 1, '2004-09-23', '满族', '北京市丰台区第六街道47号', '北京市西城区第三街道86号', '公务员', '高中', 3, '13800001332', '紧急联系人332', '13900002332', NULL, NULL, NULL, '2024-11-28 10:00:00', '2024-11-28 10:00:00', 0);
INSERT INTO `resident` VALUES (333, NULL, '夏敏', '110166199801229581', 0, '1998-01-22', '壮族', '北京市海淀区第八街道75号', '北京市西城区第七街道51号', '企业职员', '高中', 1, '13800001333', '紧急联系人333', '13900002333', NULL, NULL, NULL, '2024-11-29 10:00:00', '2024-11-29 10:00:00', 0);
INSERT INTO `resident` VALUES (334, NULL, '常静', '110118195705135208', 0, '1957-05-13', '蒙古族', '北京市朝阳区第四街道66号', '北京市朝阳区第一街道54号', '企业职员', '高中', 1, '13800001334', '紧急联系人334', '13900002334', NULL, NULL, NULL, '2024-11-30 10:00:00', '2024-11-30 10:00:00', 0);
INSERT INTO `resident` VALUES (335, NULL, '文辉华', '110154199903060347', 0, '1999-03-06', '汉族', '北京市朝阳区第八街道36号', '北京市西城区第一街道18号', '企业职员', '高中', 0, '13800001335', '紧急联系人335', '13900002335', NULL, NULL, NULL, '2024-12-01 10:00:00', '2024-12-01 10:00:00', 0);
INSERT INTO `resident` VALUES (336, NULL, '白勇超', '110190195411104964', 0, '1954-11-10', '蒙古族', '北京市丰台区第一街道53号', '北京市东城区第六街道73号', '教师', '初中', 3, '13800001336', '紧急联系人336', '13900002336', NULL, NULL, NULL, '2024-12-02 10:00:00', '2024-12-02 10:00:00', 0);
INSERT INTO `resident` VALUES (337, NULL, '雷丽', '110174196202232403', 0, '1962-02-23', '汉族', '北京市海淀区第五街道32号', '北京市朝阳区第十街道23号', '工程师', '本科', 3, '13800001337', '紧急联系人337', '13900002337', NULL, NULL, NULL, '2024-12-03 10:00:00', '2024-12-03 10:00:00', 0);
INSERT INTO `resident` VALUES (338, NULL, '徐明', '110108197407103669', 0, '1974-07-10', '回族', '北京市西城区第九街道64号', '北京市西城区第七街道83号', '教师', '小学', 3, '13800001338', '紧急联系人338', '13900002338', NULL, NULL, NULL, '2024-12-04 10:00:00', '2024-12-04 10:00:00', 0);
INSERT INTO `resident` VALUES (339, NULL, '彭涛', '110103196003091898', 1, '1960-03-09', '蒙古族', '北京市朝阳区第七街道98号', '北京市东城区第十街道62号', '教师', '本科', 0, '13800001339', '紧急联系人339', '13900002339', NULL, NULL, NULL, '2024-12-05 10:00:00', '2024-12-05 10:00:00', 0);
INSERT INTO `resident` VALUES (340, NULL, '方杰', '110168195610112115', 1, '1956-10-11', '蒙古族', '北京市海淀区第一街道40号', '北京市丰台区第六街道91号', '退休', '本科', 3, '13800001340', '紧急联系人340', '13900002340', NULL, NULL, NULL, '2024-12-06 10:00:00', '2024-12-06 10:00:00', 0);
INSERT INTO `resident` VALUES (341, NULL, '萧强', '110198195110252520', 0, '1951-10-25', '壮族', '北京市西城区第一街道41号', '北京市朝阳区第九街道7号', '退休', '初中', 2, '13800001341', '紧急联系人341', '13900002341', NULL, NULL, NULL, '2024-12-07 10:00:00', '2024-12-07 10:00:00', 0);
INSERT INTO `resident` VALUES (342, NULL, '邹洋强', '110107196307058600', 0, '1963-07-05', '回族', '北京市东城区第四街道4号', '北京市丰台区第九街道13号', '医生', '高中', 3, '13800001342', '紧急联系人342', '13900002342', NULL, NULL, NULL, '2024-12-08 10:00:00', '2024-12-08 10:00:00', 0);
INSERT INTO `resident` VALUES (343, NULL, '刘秀', '110177197205161131', 1, '1972-05-16', '汉族', '北京市东城区第四街道50号', '北京市海淀区第五街道95号', '公务员', '大专', 2, '13800001343', '紧急联系人343', '13900002343', NULL, NULL, NULL, '2024-12-09 10:00:00', '2024-12-09 10:00:00', 0);
INSERT INTO `resident` VALUES (344, NULL, '易文艳', '110103198107263676', 1, '1981-07-26', '回族', '北京市朝阳区第七街道5号', '北京市海淀区第十街道20号', '教师', '本科', 1, '13800001344', '紧急联系人344', '13900002344', NULL, NULL, NULL, '2024-12-10 10:00:00', '2024-12-10 10:00:00', 0);
INSERT INTO `resident` VALUES (345, NULL, '郝强', '110195197104052840', 0, '1971-04-05', '满族', '北京市海淀区第十街道82号', '北京市海淀区第一街道47号', '教师', '小学', 0, '13800001345', '紧急联系人345', '13900002345', NULL, NULL, NULL, '2024-12-11 10:00:00', '2024-12-11 10:00:00', 0);
INSERT INTO `resident` VALUES (346, NULL, '廖涛强', '110190196512069515', 1, '1965-12-06', '满族', '北京市朝阳区第一街道69号', '北京市海淀区第七街道35号', '自由职业', '高中', 3, '13800001346', '紧急联系人346', '13900002346', NULL, NULL, NULL, '2024-12-12 10:00:00', '2024-12-12 10:00:00', 0);
INSERT INTO `resident` VALUES (347, NULL, '邓辉英', '110125196112012233', 1, '1961-12-01', '回族', '北京市东城区第八街道58号', '北京市西城区第一街道69号', '医生', '小学', 1, '13800001347', '紧急联系人347', '13900002347', NULL, NULL, NULL, '2024-12-13 10:00:00', '2024-12-13 10:00:00', 0);
INSERT INTO `resident` VALUES (348, NULL, '袁刚娜', '110171199012213245', 0, '1990-12-21', '蒙古族', '北京市西城区第六街道94号', '北京市朝阳区第八街道46号', '退休', '大专', 0, '13800001348', '紧急联系人348', '13900002348', NULL, NULL, NULL, '2024-12-14 10:00:00', '2024-12-14 10:00:00', 0);
INSERT INTO `resident` VALUES (349, NULL, '蒋英明', '110116199604017430', 1, '1996-04-01', '满族', '北京市海淀区第七街道60号', '北京市丰台区第八街道93号', '公务员', '高中', 2, '13800001349', '紧急联系人349', '13900002349', NULL, NULL, NULL, '2024-12-15 10:00:00', '2024-12-15 10:00:00', 0);
INSERT INTO `resident` VALUES (350, NULL, '李军', '110149199112203536', 1, '1991-12-20', '汉族', '北京市海淀区第一街道61号', '北京市东城区第十街道59号', '教师', '高中', 3, '13800001350', '紧急联系人350', '13900002350', NULL, NULL, NULL, '2024-12-16 10:00:00', '2024-12-16 10:00:00', 0);
INSERT INTO `resident` VALUES (351, NULL, '薛芳平', '110174199611034067', 0, '1996-11-03', '壮族', '北京市朝阳区第五街道9号', '北京市朝阳区第三街道12号', '自由职业', '初中', 3, '13800001351', '紧急联系人351', '13900002351', NULL, NULL, NULL, '2024-12-17 10:00:00', '2024-12-17 10:00:00', 0);
INSERT INTO `resident` VALUES (352, NULL, '蔡磊静', '110134195512133699', 1, '1955-12-13', '蒙古族', '北京市西城区第九街道89号', '北京市丰台区第十街道94号', '学生', '大专', 0, '13800001352', '紧急联系人352', '13900002352', NULL, NULL, NULL, '2024-12-18 10:00:00', '2024-12-18 10:00:00', 0);
INSERT INTO `resident` VALUES (353, NULL, '侯明', '110149195502112901', 0, '1955-02-11', '汉族', '北京市西城区第二街道22号', '北京市东城区第七街道45号', '医生', '高中', 2, '13800001353', '紧急联系人353', '13900002353', NULL, NULL, NULL, '2024-12-19 10:00:00', '2024-12-19 10:00:00', 0);
INSERT INTO `resident` VALUES (354, NULL, '贾磊', '110111197001024073', 1, '1970-01-02', '满族', '北京市海淀区第三街道11号', '北京市丰台区第八街道38号', '企业职员', '本科', 0, '13800001354', '紧急联系人354', '13900002354', NULL, NULL, NULL, '2024-12-20 10:00:00', '2024-12-20 10:00:00', 0);
INSERT INTO `resident` VALUES (355, NULL, '高杰芳', '110141199905090827', 0, '1999-05-09', '蒙古族', '北京市朝阳区第五街道100号', '北京市东城区第二街道99号', '公务员', '小学', 0, '13800001355', '紧急联系人355', '13900002355', NULL, NULL, NULL, '2024-12-21 10:00:00', '2024-12-21 10:00:00', 0);
INSERT INTO `resident` VALUES (356, NULL, '贾英桂', '110121195710217925', 0, '1957-10-21', '蒙古族', '北京市丰台区第四街道6号', '北京市朝阳区第八街道27号', '教师', '初中', 1, '13800001356', '紧急联系人356', '13900002356', NULL, NULL, NULL, '2024-12-22 10:00:00', '2024-12-22 10:00:00', 0);
INSERT INTO `resident` VALUES (357, NULL, '孔刚', '110129195501257912', 1, '1955-01-25', '蒙古族', '北京市丰台区第九街道31号', '北京市丰台区第九街道48号', '学生', '高中', 0, '13800001357', '紧急联系人357', '13900002357', NULL, NULL, NULL, '2024-12-23 10:00:00', '2024-12-23 10:00:00', 0);
INSERT INTO `resident` VALUES (358, NULL, '唐英', '110136199105206734', 1, '1991-05-20', '壮族', '北京市朝阳区第七街道98号', '北京市丰台区第九街道23号', '自由职业', '本科', 2, '13800001358', '紧急联系人358', '13900002358', NULL, NULL, NULL, '2024-12-24 10:00:00', '2024-12-24 10:00:00', 0);
INSERT INTO `resident` VALUES (359, NULL, '龙力', '110114199705142494', 1, '1997-05-14', '壮族', '北京市西城区第二街道49号', '北京市朝阳区第七街道1号', '医生', '研究生', 3, '13800001359', '紧急联系人359', '13900002359', NULL, NULL, NULL, '2024-12-25 10:00:00', '2024-12-25 10:00:00', 0);
INSERT INTO `resident` VALUES (360, NULL, '段伟华', '110190196908059720', 0, '1969-08-05', '蒙古族', '北京市丰台区第八街道17号', '北京市东城区第十街道55号', '退休', '小学', 2, '13800001360', '紧急联系人360', '13900002360', NULL, NULL, NULL, '2024-12-26 10:00:00', '2024-12-26 10:00:00', 0);
INSERT INTO `resident` VALUES (361, NULL, '程敏娜', '110169198611077041', 0, '1986-11-07', '满族', '北京市丰台区第一街道86号', '北京市丰台区第三街道22号', '公务员', '大专', 1, '13800001361', '紧急联系人361', '13900002361', NULL, NULL, NULL, '2024-12-27 10:00:00', '2024-12-27 10:00:00', 0);
INSERT INTO `resident` VALUES (362, NULL, '石丽', '110180198405063659', 1, '1984-05-06', '汉族', '北京市朝阳区第八街道90号', '北京市朝阳区第十街道30号', '自由职业', '高中', 1, '13800001362', '紧急联系人362', '13900002362', NULL, NULL, NULL, '2024-12-28 10:00:00', '2024-12-28 10:00:00', 0);
INSERT INTO `resident` VALUES (363, NULL, '蔡建华', '110158195809261097', 1, '1958-09-26', '壮族', '北京市丰台区第三街道89号', '北京市西城区第二街道16号', '工程师', '研究生', 2, '13800001363', '紧急联系人363', '13900002363', NULL, NULL, NULL, '2024-12-29 10:00:00', '2024-12-29 10:00:00', 0);
INSERT INTO `resident` VALUES (364, NULL, '万军力', '110128200006211286', 0, '2000-06-21', '回族', '北京市东城区第十街道39号', '北京市朝阳区第九街道55号', '工程师', '大专', 2, '13800001364', '紧急联系人364', '13900002364', NULL, NULL, NULL, '2024-12-30 10:00:00', '2024-12-30 10:00:00', 0);
INSERT INTO `resident` VALUES (365, NULL, '锺华丽', '110143197102164290', 1, '1971-02-16', '回族', '北京市海淀区第八街道79号', '北京市西城区第三街道72号', '学生', '研究生', 1, '13800001365', '紧急联系人365', '13900002365', NULL, NULL, NULL, '2024-12-31 10:00:00', '2024-12-31 10:00:00', 0);
INSERT INTO `resident` VALUES (366, NULL, '唐华洋', '110165195408265278', 1, '1954-08-26', '蒙古族', '北京市海淀区第十街道39号', '北京市朝阳区第八街道20号', '自由职业', '小学', 0, '13800001366', '紧急联系人366', '13900002366', NULL, NULL, NULL, '2025-01-01 10:00:00', '2025-01-01 10:00:00', 0);
INSERT INTO `resident` VALUES (367, NULL, '锺华秀', '110156199902224863', 0, '1999-02-22', '壮族', '北京市东城区第八街道62号', '北京市丰台区第四街道39号', '学生', '大专', 3, '13800001367', '紧急联系人367', '13900002367', NULL, NULL, NULL, '2025-01-02 10:00:00', '2025-01-02 10:00:00', 0);
INSERT INTO `resident` VALUES (368, NULL, '邱力明', '110194195603215396', 1, '1956-03-21', '回族', '北京市丰台区第十街道79号', '北京市朝阳区第二街道37号', '公务员', '小学', 3, '13800001368', '紧急联系人368', '13900002368', NULL, NULL, NULL, '2025-01-03 10:00:00', '2025-01-03 10:00:00', 0);
INSERT INTO `resident` VALUES (369, NULL, '冯杰', '110173195707141666', 0, '1957-07-14', '汉族', '北京市丰台区第十街道30号', '北京市东城区第二街道96号', '工程师', '大专', 0, '13800001369', '紧急联系人369', '13900002369', NULL, NULL, NULL, '2025-01-04 10:00:00', '2025-01-04 10:00:00', 0);
INSERT INTO `resident` VALUES (370, NULL, '许磊', '110156197407134241', 0, '1974-07-13', '回族', '北京市丰台区第五街道69号', '北京市朝阳区第二街道71号', '教师', '研究生', 2, '13800001370', '紧急联系人370', '13900002370', NULL, NULL, NULL, '2025-01-05 10:00:00', '2025-01-05 10:00:00', 0);
INSERT INTO `resident` VALUES (371, NULL, '梁超', '110126197110274551', 1, '1971-10-27', '蒙古族', '北京市丰台区第七街道5号', '北京市西城区第九街道24号', '公务员', '本科', 1, '13800001371', '紧急联系人371', '13900002371', NULL, NULL, NULL, '2025-01-06 10:00:00', '2025-01-06 10:00:00', 0);
INSERT INTO `resident` VALUES (372, NULL, '康静磊', '110132196601150208', 0, '1966-01-15', '蒙古族', '北京市东城区第三街道11号', '北京市丰台区第一街道54号', '企业职员', '初中', 3, '13800001372', '紧急联系人372', '13900002372', NULL, NULL, NULL, '2025-01-07 10:00:00', '2025-01-07 10:00:00', 0);
INSERT INTO `resident` VALUES (373, NULL, '胡强丽', '110139197501208928', 0, '1975-01-20', '满族', '北京市西城区第四街道49号', '北京市海淀区第三街道31号', '自由职业', '本科', 2, '13800001373', '紧急联系人373', '13900002373', NULL, NULL, NULL, '2025-01-08 10:00:00', '2025-01-08 10:00:00', 0);
INSERT INTO `resident` VALUES (374, NULL, '朱芳伟', '110127196304247905', 0, '1963-04-24', '蒙古族', '北京市海淀区第一街道75号', '北京市西城区第四街道8号', '公务员', '本科', 2, '13800001374', '紧急联系人374', '13900002374', NULL, NULL, NULL, '2025-01-09 10:00:00', '2025-01-09 10:00:00', 0);
INSERT INTO `resident` VALUES (375, NULL, '袁磊', '110119199802252374', 1, '1998-02-25', '满族', '北京市东城区第三街道17号', '北京市朝阳区第十街道35号', '退休', '本科', 0, '13800001375', '紧急联系人375', '13900002375', NULL, NULL, NULL, '2025-01-10 10:00:00', '2025-01-10 10:00:00', 0);
INSERT INTO `resident` VALUES (376, NULL, '秦秀磊', '110123195904237397', 1, '1959-04-23', '壮族', '北京市海淀区第二街道83号', '北京市东城区第七街道39号', '退休', '大专', 1, '13800001376', '紧急联系人376', '13900002376', NULL, NULL, NULL, '2025-01-11 10:00:00', '2025-01-11 10:00:00', 0);
INSERT INTO `resident` VALUES (377, NULL, '崔静英', '110105198901011454', 1, '1989-01-01', '满族', '北京市海淀区第三街道36号', '北京市丰台区第七街道53号', '企业职员', '高中', 0, '13800001377', '紧急联系人377', '13900002377', NULL, NULL, NULL, '2025-01-12 10:00:00', '2025-01-12 10:00:00', 0);
INSERT INTO `resident` VALUES (378, NULL, '孟建强', '110156196607242441', 0, '1966-07-24', '壮族', '北京市东城区第七街道38号', '北京市丰台区第三街道61号', '工程师', '大专', 0, '13800001378', '紧急联系人378', '13900002378', NULL, NULL, NULL, '2025-01-13 10:00:00', '2025-01-13 10:00:00', 0);
INSERT INTO `resident` VALUES (379, NULL, '龙敏', '110101197101019670', 1, '1971-01-01', '壮族', '北京市朝阳区第二街道54号', '北京市朝阳区第八街道59号', '自由职业', '高中', 1, '13800001379', '紧急联系人379', '13900002379', NULL, NULL, NULL, '2025-01-14 10:00:00', '2025-01-14 10:00:00', 0);
INSERT INTO `resident` VALUES (380, NULL, '徐平', '110162197001263268', 0, '1970-01-26', '壮族', '北京市丰台区第二街道96号', '北京市海淀区第七街道41号', '教师', '研究生', 1, '13800001380', '紧急联系人380', '13900002380', NULL, NULL, NULL, '2025-01-15 10:00:00', '2025-01-15 10:00:00', 0);
INSERT INTO `resident` VALUES (381, NULL, '雷超', '110150196611122692', 1, '1966-11-12', '蒙古族', '北京市海淀区第六街道90号', '北京市丰台区第六街道17号', '医生', '大专', 0, '13800001381', '紧急联系人381', '13900002381', NULL, NULL, NULL, '2025-01-16 10:00:00', '2025-01-16 10:00:00', 0);
INSERT INTO `resident` VALUES (382, NULL, '夏杰伟', '110131196604195780', 0, '1966-04-19', '汉族', '北京市朝阳区第五街道13号', '北京市朝阳区第四街道32号', '企业职员', '大专', 1, '13800001382', '紧急联系人382', '13900002382', NULL, NULL, NULL, '2025-01-17 10:00:00', '2025-01-17 10:00:00', 0);
INSERT INTO `resident` VALUES (383, NULL, '蒋刚', '110140195702118834', 1, '1957-02-11', '满族', '北京市东城区第一街道97号', '北京市东城区第一街道83号', '教师', '大专', 3, '13800001383', '紧急联系人383', '13900002383', NULL, NULL, NULL, '2025-01-18 10:00:00', '2025-01-18 10:00:00', 0);
INSERT INTO `resident` VALUES (384, NULL, '石艳', '110137199702053675', 1, '1997-02-05', '蒙古族', '北京市海淀区第一街道51号', '北京市海淀区第十街道5号', '医生', '小学', 2, '13800001384', '紧急联系人384', '13900002384', NULL, NULL, NULL, '2025-01-19 10:00:00', '2025-01-19 10:00:00', 0);
INSERT INTO `resident` VALUES (385, NULL, '赵华', '110189195611257605', 0, '1956-11-25', '满族', '北京市东城区第九街道100号', '北京市西城区第十街道79号', '医生', '大专', 1, '13800001385', '紧急联系人385', '13900002385', NULL, NULL, NULL, '2025-01-20 10:00:00', '2025-01-20 10:00:00', 0);
INSERT INTO `resident` VALUES (386, NULL, '韩娜军', '110174197604042507', 0, '1976-04-04', '满族', '北京市朝阳区第七街道54号', '北京市丰台区第六街道33号', '退休', '本科', 2, '13800001386', '紧急联系人386', '13900002386', NULL, NULL, NULL, '2025-01-21 10:00:00', '2025-01-21 10:00:00', 0);
INSERT INTO `resident` VALUES (387, NULL, '邓伟', '110119199105136045', 0, '1991-05-13', '满族', '北京市西城区第六街道28号', '北京市丰台区第二街道57号', '工程师', '大专', 0, '13800001387', '紧急联系人387', '13900002387', NULL, NULL, NULL, '2025-01-22 10:00:00', '2025-01-22 10:00:00', 0);
INSERT INTO `resident` VALUES (388, NULL, '谢涛伟', '110149196208149845', 0, '1962-08-14', '回族', '北京市西城区第五街道93号', '北京市海淀区第四街道20号', '学生', '本科', 3, '13800001388', '紧急联系人388', '13900002388', NULL, NULL, NULL, '2025-01-23 10:00:00', '2025-01-23 10:00:00', 0);
INSERT INTO `resident` VALUES (389, NULL, '周艳明', '110200197711208520', 0, '1977-11-20', '满族', '北京市东城区第九街道17号', '北京市海淀区第五街道96号', '企业职员', '本科', 3, '13800001389', '紧急联系人389', '13900002389', NULL, NULL, NULL, '2025-01-24 10:00:00', '2025-01-24 10:00:00', 0);
INSERT INTO `resident` VALUES (390, NULL, '乔建', '110168196309221153', 1, '1963-09-22', '满族', '北京市朝阳区第十街道72号', '北京市东城区第十街道5号', '工程师', '初中', 0, '13800001390', '紧急联系人390', '13900002390', NULL, NULL, NULL, '2025-01-25 10:00:00', '2025-01-25 10:00:00', 0);
INSERT INTO `resident` VALUES (391, NULL, '沈静敏', '110152195111132242', 0, '1951-11-13', '满族', '北京市朝阳区第九街道93号', '北京市朝阳区第一街道59号', '退休', '本科', 3, '13800001391', '紧急联系人391', '13900002391', NULL, NULL, NULL, '2025-01-26 10:00:00', '2025-01-26 10:00:00', 0);
INSERT INTO `resident` VALUES (392, NULL, '阎磊杰', '110146198110111320', 0, '1981-10-11', '蒙古族', '北京市东城区第一街道74号', '北京市东城区第十街道95号', '学生', '初中', 2, '13800001392', '紧急联系人392', '13900002392', NULL, NULL, NULL, '2025-01-27 10:00:00', '2025-01-27 10:00:00', 0);
INSERT INTO `resident` VALUES (393, NULL, '常力', '110150197706221529', 0, '1977-06-22', '壮族', '北京市海淀区第五街道9号', '北京市朝阳区第二街道34号', '工程师', '大专', 1, '13800001393', '紧急联系人393', '13900002393', NULL, NULL, NULL, '2025-01-28 10:00:00', '2025-01-28 10:00:00', 0);
INSERT INTO `resident` VALUES (394, NULL, '陈伟英', '110151195909267724', 0, '1959-09-26', '满族', '北京市西城区第二街道29号', '北京市丰台区第五街道66号', '退休', '大专', 1, '13800001394', '紧急联系人394', '13900002394', NULL, NULL, NULL, '2025-01-29 10:00:00', '2025-01-29 10:00:00', 0);
INSERT INTO `resident` VALUES (395, NULL, '范伟', '110198200401135903', 0, '2004-01-13', '回族', '北京市西城区第六街道21号', '北京市西城区第九街道59号', '公务员', '本科', 3, '13800001395', '紧急联系人395', '13900002395', NULL, NULL, NULL, '2025-01-30 10:00:00', '2025-01-30 10:00:00', 0);
INSERT INTO `resident` VALUES (396, NULL, '崔力华', '110167195704256432', 1, '1957-04-25', '汉族', '北京市朝阳区第三街道9号', '北京市东城区第九街道52号', '退休', '小学', 3, '13800001396', '紧急联系人396', '13900002396', NULL, NULL, NULL, '2025-01-31 10:00:00', '2025-01-31 10:00:00', 0);
INSERT INTO `resident` VALUES (397, NULL, '段英', '110155197511016154', 1, '1975-11-01', '回族', '北京市朝阳区第四街道65号', '北京市朝阳区第三街道12号', '学生', '本科', 2, '13800001397', '紧急联系人397', '13900002397', NULL, NULL, NULL, '2025-02-01 10:00:00', '2025-02-01 10:00:00', 0);
INSERT INTO `resident` VALUES (398, NULL, '郑明', '110181195711037015', 1, '1957-11-03', '满族', '北京市丰台区第五街道81号', '北京市西城区第六街道13号', '退休', '小学', 2, '13800001398', '紧急联系人398', '13900002398', NULL, NULL, NULL, '2025-02-02 10:00:00', '2025-02-02 10:00:00', 0);
INSERT INTO `resident` VALUES (399, NULL, '白秀', '110197198604107919', 1, '1986-04-10', '回族', '北京市朝阳区第一街道79号', '北京市东城区第五街道91号', '医生', '高中', 1, '13800001399', '紧急联系人399', '13900002399', NULL, NULL, NULL, '2025-02-03 10:00:00', '2025-02-03 10:00:00', 0);
INSERT INTO `resident` VALUES (400, NULL, '冯桂辉', '110194195907106747', 0, '1959-07-10', '汉族', '北京市朝阳区第七街道56号', '北京市丰台区第十街道1号', '医生', '本科', 1, '13800001400', '紧急联系人400', '13900002400', NULL, NULL, NULL, '2025-02-04 10:00:00', '2025-02-04 10:00:00', 0);
INSERT INTO `resident` VALUES (401, NULL, '马涛杰', '110165195503255904', 0, '1955-03-25', '回族', '北京市丰台区第六街道13号', '北京市朝阳区第九街道1号', '企业职员', '本科', 3, '13800001401', '紧急联系人401', '13900002401', NULL, NULL, NULL, '2025-02-05 10:00:00', '2025-02-05 10:00:00', 0);
INSERT INTO `resident` VALUES (402, NULL, '张平', '110166198211192947', 0, '1982-11-19', '汉族', '北京市丰台区第九街道78号', '北京市朝阳区第六街道37号', '教师', '高中', 2, '13800001402', '紧急联系人402', '13900002402', NULL, NULL, NULL, '2025-02-06 10:00:00', '2025-02-06 10:00:00', 0);
INSERT INTO `resident` VALUES (403, NULL, '金英', '110167198510076105', 0, '1985-10-07', '壮族', '北京市海淀区第三街道66号', '北京市西城区第五街道81号', '自由职业', '研究生', 1, '13800001403', '紧急联系人403', '13900002403', NULL, NULL, NULL, '2025-02-07 10:00:00', '2025-02-07 10:00:00', 0);
INSERT INTO `resident` VALUES (404, NULL, '孔平', '110180195804055002', 0, '1958-04-05', '回族', '北京市东城区第九街道93号', '北京市海淀区第三街道59号', '医生', '初中', 3, '13800001404', '紧急联系人404', '13900002404', NULL, NULL, NULL, '2025-02-08 10:00:00', '2025-02-08 10:00:00', 0);
INSERT INTO `resident` VALUES (405, NULL, '龚敏敏', '110171196802186935', 1, '1968-02-18', '满族', '北京市西城区第七街道61号', '北京市海淀区第三街道68号', '企业职员', '研究生', 2, '13800001405', '紧急联系人405', '13900002405', NULL, NULL, NULL, '2025-02-09 10:00:00', '2025-02-09 10:00:00', 0);
INSERT INTO `resident` VALUES (406, NULL, '阎文', '110161196307028752', 1, '1963-07-02', '蒙古族', '北京市朝阳区第五街道72号', '北京市海淀区第五街道46号', '学生', '本科', 1, '13800001406', '紧急联系人406', '13900002406', NULL, NULL, NULL, '2025-02-10 10:00:00', '2025-02-10 10:00:00', 0);
INSERT INTO `resident` VALUES (407, NULL, '谢磊丽', '110169199201285476', 1, '1992-01-28', '汉族', '北京市朝阳区第四街道13号', '北京市东城区第一街道37号', '企业职员', '本科', 0, '13800001407', '紧急联系人407', '13900002407', NULL, NULL, NULL, '2025-02-11 10:00:00', '2025-02-11 10:00:00', 0);
INSERT INTO `resident` VALUES (408, NULL, '姚敏敏', '110162197406010856', 1, '1974-06-01', '蒙古族', '北京市东城区第三街道33号', '北京市丰台区第七街道41号', '教师', '高中', 1, '13800001408', '紧急联系人408', '13900002408', NULL, NULL, NULL, '2025-02-12 10:00:00', '2025-02-12 10:00:00', 0);
INSERT INTO `resident` VALUES (409, NULL, '龙华建', '110182196101172801', 0, '1961-01-17', '回族', '北京市东城区第八街道76号', '北京市西城区第十街道64号', '医生', '小学', 2, '13800001409', '紧急联系人409', '13900002409', NULL, NULL, NULL, '2025-02-13 10:00:00', '2025-02-13 10:00:00', 0);
INSERT INTO `resident` VALUES (410, NULL, '丁娟洋', '110160196509154132', 1, '1965-09-15', '壮族', '北京市西城区第六街道40号', '北京市海淀区第五街道30号', '教师', '本科', 0, '13800001410', '紧急联系人410', '13900002410', NULL, NULL, NULL, '2025-02-14 10:00:00', '2025-02-14 10:00:00', 0);
INSERT INTO `resident` VALUES (411, NULL, '马桂', '110171199909285893', 1, '1999-09-28', '壮族', '北京市丰台区第二街道86号', '北京市丰台区第七街道93号', '企业职员', '研究生', 3, '13800001411', '紧急联系人411', '13900002411', NULL, NULL, NULL, '2025-02-15 10:00:00', '2025-02-15 10:00:00', 0);
INSERT INTO `resident` VALUES (412, NULL, '顾明', '110153197409042994', 1, '1974-09-04', '满族', '北京市东城区第八街道30号', '北京市海淀区第五街道42号', '学生', '大专', 2, '13800001412', '紧急联系人412', '13900002412', NULL, NULL, NULL, '2025-02-16 10:00:00', '2025-02-16 10:00:00', 0);
INSERT INTO `resident` VALUES (413, NULL, '孙丽杰', '110200196809127474', 1, '1968-09-12', '回族', '北京市西城区第七街道68号', '北京市海淀区第八街道91号', '医生', '研究生', 0, '13800001413', '紧急联系人413', '13900002413', NULL, NULL, NULL, '2025-02-17 10:00:00', '2025-02-17 10:00:00', 0);
INSERT INTO `resident` VALUES (414, NULL, '尹刚杰', '110145198303139125', 0, '1983-03-13', '蒙古族', '北京市海淀区第四街道68号', '北京市西城区第一街道3号', '退休', '本科', 3, '13800001414', '紧急联系人414', '13900002414', NULL, NULL, NULL, '2025-02-18 10:00:00', '2025-02-18 10:00:00', 0);
INSERT INTO `resident` VALUES (415, NULL, '高桂', '110139196409261565', 0, '1964-09-26', '满族', '北京市东城区第三街道91号', '北京市丰台区第四街道50号', '工程师', '小学', 2, '13800001415', '紧急联系人415', '13900002415', NULL, NULL, NULL, '2025-02-19 10:00:00', '2025-02-19 10:00:00', 0);
INSERT INTO `resident` VALUES (416, NULL, '钱娟超', '110169196604212523', 0, '1966-04-21', '满族', '北京市丰台区第八街道95号', '北京市东城区第三街道24号', '企业职员', '研究生', 1, '13800001416', '紧急联系人416', '13900002416', NULL, NULL, NULL, '2025-02-20 10:00:00', '2025-02-20 10:00:00', 0);
INSERT INTO `resident` VALUES (417, NULL, '江建涛', '110132195408240850', 1, '1954-08-24', '回族', '北京市西城区第九街道70号', '北京市丰台区第八街道88号', '教师', '研究生', 1, '13800001417', '紧急联系人417', '13900002417', NULL, NULL, NULL, '2025-02-21 10:00:00', '2025-02-21 10:00:00', 0);
INSERT INTO `resident` VALUES (418, NULL, '罗秀英', '110171200511140824', 0, '2005-11-14', '回族', '北京市朝阳区第八街道51号', '北京市海淀区第九街道61号', '工程师', '小学', 3, '13800001418', '紧急联系人418', '13900002418', NULL, NULL, NULL, '2025-02-22 10:00:00', '2025-02-22 10:00:00', 0);
INSERT INTO `resident` VALUES (419, NULL, '赵涛', '110186196712274255', 1, '1967-12-27', '壮族', '北京市朝阳区第一街道86号', '北京市朝阳区第八街道50号', '工程师', '研究生', 2, '13800001419', '紧急联系人419', '13900002419', NULL, NULL, NULL, '2025-02-23 10:00:00', '2025-02-23 10:00:00', 0);
INSERT INTO `resident` VALUES (420, NULL, '傅文华', '110116196005143626', 0, '1960-05-14', '蒙古族', '北京市西城区第三街道1号', '北京市朝阳区第八街道8号', '工程师', '初中', 0, '13800001420', '紧急联系人420', '13900002420', NULL, NULL, NULL, '2025-02-24 10:00:00', '2025-02-24 10:00:00', 0);
INSERT INTO `resident` VALUES (421, NULL, '孙涛', '110158199605162130', 1, '1996-05-16', '满族', '北京市丰台区第四街道63号', '北京市朝阳区第二街道100号', '自由职业', '初中', 0, '13800001421', '紧急联系人421', '13900002421', NULL, NULL, NULL, '2025-02-25 10:00:00', '2025-02-25 10:00:00', 0);
INSERT INTO `resident` VALUES (422, NULL, '方秀', '110150200012095631', 1, '2000-12-09', '壮族', '北京市海淀区第九街道47号', '北京市东城区第一街道19号', '学生', '高中', 1, '13800001422', '紧急联系人422', '13900002422', NULL, NULL, NULL, '2025-02-26 10:00:00', '2025-02-26 10:00:00', 0);
INSERT INTO `resident` VALUES (423, NULL, '胡明', '110117198512234270', 1, '1985-12-23', '满族', '北京市西城区第五街道96号', '北京市西城区第五街道71号', '工程师', '初中', 0, '13800001423', '紧急联系人423', '13900002423', NULL, NULL, NULL, '2025-02-27 10:00:00', '2025-02-27 10:00:00', 0);
INSERT INTO `resident` VALUES (424, NULL, '孔艳娟', '110130197905086100', 0, '1979-05-08', '蒙古族', '北京市东城区第五街道16号', '北京市西城区第一街道66号', '医生', '小学', 1, '13800001424', '紧急联系人424', '13900002424', NULL, NULL, NULL, '2025-02-28 10:00:00', '2025-02-28 10:00:00', 0);
INSERT INTO `resident` VALUES (425, NULL, '陈平', '110138200009261568', 0, '2000-09-26', '回族', '北京市西城区第三街道67号', '北京市西城区第五街道65号', '退休', '研究生', 1, '13800001425', '紧急联系人425', '13900002425', NULL, NULL, NULL, '2025-03-01 10:00:00', '2025-03-01 10:00:00', 0);
INSERT INTO `resident` VALUES (426, NULL, '侯秀力', '110116197310206478', 1, '1973-10-20', '壮族', '北京市东城区第十街道89号', '北京市西城区第五街道14号', '医生', '本科', 3, '13800001426', '紧急联系人426', '13900002426', NULL, NULL, NULL, '2025-03-02 10:00:00', '2025-03-02 10:00:00', 0);
INSERT INTO `resident` VALUES (427, NULL, '蔡英秀', '110160199308199498', 1, '1993-08-19', '回族', '北京市丰台区第六街道91号', '北京市丰台区第九街道64号', '企业职员', '研究生', 3, '13800001427', '紧急联系人427', '13900002427', NULL, NULL, NULL, '2025-03-03 10:00:00', '2025-03-03 10:00:00', 0);
INSERT INTO `resident` VALUES (428, NULL, '段桂', '110104198609129341', 0, '1986-09-12', '蒙古族', '北京市西城区第二街道20号', '北京市西城区第三街道64号', '公务员', '小学', 3, '13800001428', '紧急联系人428', '13900002428', NULL, NULL, NULL, '2025-03-04 10:00:00', '2025-03-04 10:00:00', 0);
INSERT INTO `resident` VALUES (429, NULL, '曹秀', '110152199608132159', 1, '1996-08-13', '汉族', '北京市朝阳区第二街道34号', '北京市海淀区第五街道22号', '学生', '大专', 1, '13800001429', '紧急联系人429', '13900002429', NULL, NULL, NULL, '2025-03-05 10:00:00', '2025-03-05 10:00:00', 0);
INSERT INTO `resident` VALUES (430, NULL, '张英', '110153195901150881', 0, '1959-01-15', '回族', '北京市东城区第十街道53号', '北京市东城区第十街道82号', '教师', '小学', 1, '13800001430', '紧急联系人430', '13900002430', NULL, NULL, NULL, '2025-03-06 10:00:00', '2025-03-06 10:00:00', 0);
INSERT INTO `resident` VALUES (431, NULL, '易刚力', '110153199710114889', 0, '1997-10-11', '壮族', '北京市朝阳区第十街道56号', '北京市东城区第三街道81号', '工程师', '初中', 0, '13800001431', '紧急联系人431', '13900002431', NULL, NULL, NULL, '2025-03-07 10:00:00', '2025-03-07 10:00:00', 0);
INSERT INTO `resident` VALUES (432, NULL, '郭桂', '110172198405276926', 0, '1984-05-27', '汉族', '北京市丰台区第十街道15号', '北京市丰台区第四街道84号', '医生', '初中', 3, '13800001432', '紧急联系人432', '13900002432', NULL, NULL, NULL, '2025-03-08 10:00:00', '2025-03-08 10:00:00', 0);
INSERT INTO `resident` VALUES (433, NULL, '傅英', '110179200203027537', 1, '2002-03-02', '壮族', '北京市朝阳区第十街道18号', '北京市朝阳区第一街道100号', '学生', '本科', 3, '13800001433', '紧急联系人433', '13900002433', NULL, NULL, NULL, '2025-03-09 10:00:00', '2025-03-09 10:00:00', 0);
INSERT INTO `resident` VALUES (434, NULL, '毛力明', '110181196704090919', 1, '1967-04-09', '回族', '北京市朝阳区第六街道57号', '北京市朝阳区第五街道34号', '医生', '小学', 3, '13800001434', '紧急联系人434', '13900002434', NULL, NULL, NULL, '2025-03-10 10:00:00', '2025-03-10 10:00:00', 0);
INSERT INTO `resident` VALUES (435, NULL, '黄军', '110116198504189323', 0, '1985-04-18', '回族', '北京市朝阳区第六街道37号', '北京市朝阳区第八街道24号', '退休', '研究生', 2, '13800001435', '紧急联系人435', '13900002435', NULL, NULL, NULL, '2025-03-11 10:00:00', '2025-03-11 10:00:00', 0);
INSERT INTO `resident` VALUES (436, NULL, '邹涛敏', '110174196408160419', 1, '1964-08-16', '汉族', '北京市东城区第四街道95号', '北京市西城区第九街道51号', '教师', '研究生', 0, '13800001436', '紧急联系人436', '13900002436', NULL, NULL, NULL, '2025-03-12 10:00:00', '2025-03-12 10:00:00', 0);
INSERT INTO `resident` VALUES (437, NULL, '任磊军', '110137198002279882', 0, '1980-02-27', '蒙古族', '北京市海淀区第七街道35号', '北京市东城区第八街道41号', '学生', '研究生', 3, '13800001437', '紧急联系人437', '13900002437', NULL, NULL, NULL, '2025-03-13 10:00:00', '2025-03-13 10:00:00', 0);
INSERT INTO `resident` VALUES (438, NULL, '陆洋丽', '110154197302052023', 0, '1973-02-05', '汉族', '北京市丰台区第二街道15号', '北京市海淀区第八街道100号', '学生', '本科', 2, '13800001438', '紧急联系人438', '13900002438', NULL, NULL, NULL, '2025-03-14 10:00:00', '2025-03-14 10:00:00', 0);
INSERT INTO `resident` VALUES (439, NULL, '武丽', '110102198808064631', 1, '1988-08-06', '回族', '北京市东城区第十街道56号', '北京市丰台区第九街道42号', '企业职员', '研究生', 1, '13800001439', '紧急联系人439', '13900002439', NULL, NULL, NULL, '2025-03-15 10:00:00', '2025-03-15 10:00:00', 0);
INSERT INTO `resident` VALUES (440, NULL, '文建', '110138196507018183', 0, '1965-07-01', '蒙古族', '北京市海淀区第九街道28号', '北京市丰台区第二街道52号', '教师', '大专', 0, '13800001440', '紧急联系人440', '13900002440', NULL, NULL, NULL, '2025-03-16 10:00:00', '2025-03-16 10:00:00', 0);
INSERT INTO `resident` VALUES (441, NULL, '邱芳', '110192198304169399', 1, '1983-04-16', '壮族', '北京市东城区第八街道48号', '北京市朝阳区第六街道16号', '医生', '初中', 2, '13800001441', '紧急联系人441', '13900002441', NULL, NULL, NULL, '2025-03-17 10:00:00', '2025-03-17 10:00:00', 0);
INSERT INTO `resident` VALUES (442, NULL, '康杰杰', '110118197204062477', 1, '1972-04-06', '回族', '北京市海淀区第四街道99号', '北京市丰台区第五街道76号', '工程师', '高中', 0, '13800001442', '紧急联系人442', '13900002442', NULL, NULL, NULL, '2025-03-18 10:00:00', '2025-03-18 10:00:00', 0);
INSERT INTO `resident` VALUES (443, NULL, '邱力桂', '110178200507198693', 1, '2005-07-19', '蒙古族', '北京市东城区第五街道12号', '北京市海淀区第九街道53号', '教师', '本科', 1, '13800001443', '紧急联系人443', '13900002443', NULL, NULL, NULL, '2025-03-19 10:00:00', '2025-03-19 10:00:00', 0);
INSERT INTO `resident` VALUES (444, NULL, '袁芳', '110153197906169531', 1, '1979-06-16', '回族', '北京市东城区第五街道2号', '北京市丰台区第三街道68号', '企业职员', '小学', 2, '13800001444', '紧急联系人444', '13900002444', NULL, NULL, NULL, '2025-03-20 10:00:00', '2025-03-20 10:00:00', 0);
INSERT INTO `resident` VALUES (445, NULL, '常涛磊', '110115195603151337', 1, '1956-03-15', '汉族', '北京市东城区第六街道51号', '北京市东城区第四街道53号', '企业职员', '研究生', 1, '13800001445', '紧急联系人445', '13900002445', NULL, NULL, NULL, '2025-03-21 10:00:00', '2025-03-21 10:00:00', 0);
INSERT INTO `resident` VALUES (446, NULL, '林明', '110169197907022930', 1, '1979-07-02', '回族', '北京市朝阳区第四街道75号', '北京市东城区第二街道52号', '工程师', '本科', 3, '13800001446', '紧急联系人446', '13900002446', NULL, NULL, NULL, '2025-03-22 10:00:00', '2025-03-22 10:00:00', 0);
INSERT INTO `resident` VALUES (447, NULL, '宋建', '110122196805255087', 0, '1968-05-25', '壮族', '北京市东城区第二街道38号', '北京市西城区第七街道80号', '学生', '研究生', 0, '13800001447', '紧急联系人447', '13900002447', NULL, NULL, NULL, '2025-03-23 10:00:00', '2025-03-23 10:00:00', 0);
INSERT INTO `resident` VALUES (448, NULL, '程强', '110179196801127007', 0, '1968-01-12', '回族', '北京市西城区第十街道37号', '北京市丰台区第三街道46号', '自由职业', '研究生', 2, '13800001448', '紧急联系人448', '13900002448', NULL, NULL, NULL, '2025-03-24 10:00:00', '2025-03-24 10:00:00', 0);
INSERT INTO `resident` VALUES (449, NULL, '曾娟', '110115196101197217', 1, '1961-01-19', '汉族', '北京市丰台区第八街道34号', '北京市海淀区第七街道25号', '工程师', '本科', 3, '13800001449', '紧急联系人449', '13900002449', NULL, NULL, NULL, '2025-03-25 10:00:00', '2025-03-25 10:00:00', 0);
INSERT INTO `resident` VALUES (450, NULL, '苏强英', '110174200208097249', 0, '2002-08-09', '汉族', '北京市西城区第六街道24号', '北京市西城区第三街道28号', '公务员', '大专', 3, '13800001450', '紧急联系人450', '13900002450', NULL, NULL, NULL, '2025-03-26 10:00:00', '2025-03-26 10:00:00', 0);

-- ----------------------------
-- Table structure for sys_admin
-- ----------------------------
DROP TABLE IF EXISTS `sys_admin`;
CREATE TABLE `sys_admin`  (
  `id` bigint NOT NULL AUTO_INCREMENT COMMENT '管理员ID',
  `user_id` bigint NOT NULL COMMENT '用户ID（关联sys_user表）',
  `admin_no` varchar(50) CHARACTER SET utf8mb4 COLLATE utf8mb4_unicode_ci NULL DEFAULT NULL COMMENT '管理员编号',
  `department` varchar(100) CHARACTER SET utf8mb4 COLLATE utf8mb4_unicode_ci NULL DEFAULT NULL COMMENT '部门',
  `position` varchar(50) CHARACTER SET utf8mb4 COLLATE utf8mb4_unicode_ci NULL DEFAULT NULL COMMENT '职位',
  `remark` varchar(500) CHARACTER SET utf8mb4 COLLATE utf8mb4_unicode_ci NULL DEFAULT NULL COMMENT '备注',
  `create_time` datetime NULL DEFAULT CURRENT_TIMESTAMP COMMENT '创建时间',
  `update_time` datetime NULL DEFAULT CURRENT_TIMESTAMP ON UPDATE CURRENT_TIMESTAMP COMMENT '更新时间',
  `deleted` int NULL DEFAULT 0 COMMENT '逻辑删除：0-未删除, 1-已删除',
  PRIMARY KEY (`id`) USING BTREE,
  INDEX `idx_user_id`(`user_id` ASC) USING BTREE,
  INDEX `idx_admin_no`(`admin_no` ASC) USING BTREE
) ENGINE = InnoDB AUTO_INCREMENT = 6 CHARACTER SET = utf8mb4 COLLATE = utf8mb4_unicode_ci COMMENT = '系统管理员表' ROW_FORMAT = Dynamic;

-- ----------------------------
-- Records of sys_admin
-- ----------------------------
INSERT INTO `sys_admin` VALUES (1, 1, 'ADMIN001', '系统管理部', '系统管理员', '系统超级管理员', '2024-01-01 10:00:00', '2024-01-01 10:00:00', 0);
INSERT INTO `sys_admin` VALUES (2, 2, 'ADMIN002', '人口管理部', '部门主管', '负责人口信息管理', '2024-01-01 10:00:00', '2024-01-01 10:00:00', 0);
INSERT INTO `sys_admin` VALUES (3, 3, 'ADMIN003', '户籍管理部', '部门主管', '负责户籍信息管理', '2024-01-01 10:00:00', '2024-01-01 10:00:00', 0);
INSERT INTO `sys_admin` VALUES (4, 4, 'ADMIN004', '数据统计部', '数据分析师', '负责数据统计分析', '2024-01-01 10:00:00', '2024-01-01 10:00:00', 0);
INSERT INTO `sys_admin` VALUES (5, 5, 'ADMIN005', '系统维护部', '运维工程师', '负责系统维护', '2024-01-01 10:00:00', '2024-01-01 10:00:00', 0);

-- ----------------------------
-- Table structure for sys_user
-- ----------------------------
DROP TABLE IF EXISTS `sys_user`;
CREATE TABLE `sys_user`  (
  `id` bigint NOT NULL AUTO_INCREMENT COMMENT '用户ID',
  `username` varchar(50) CHARACTER SET utf8mb4 COLLATE utf8mb4_unicode_ci NOT NULL COMMENT '用户名',
  `password` varchar(255) CHARACTER SET utf8mb4 COLLATE utf8mb4_unicode_ci NOT NULL COMMENT '密码（BCrypt加密）',
  `real_name` varchar(50) CHARACTER SET utf8mb4 COLLATE utf8mb4_unicode_ci NULL DEFAULT NULL COMMENT '真实姓名',
  `phone` varchar(20) CHARACTER SET utf8mb4 COLLATE utf8mb4_unicode_ci NULL DEFAULT NULL COMMENT '手机号',
  `email` varchar(100) CHARACTER SET utf8mb4 COLLATE utf8mb4_unicode_ci NULL DEFAULT NULL COMMENT '邮箱',
  `avatar` varchar(255) CHARACTER SET utf8mb4 COLLATE utf8mb4_unicode_ci NULL DEFAULT NULL COMMENT '头像路径',
  `role` varchar(20) CHARACTER SET utf8mb4 COLLATE utf8mb4_unicode_ci NULL DEFAULT 'USER' COMMENT '角色：USER-普通用户, ADMIN-管理员',
  `status` int NULL DEFAULT 1 COMMENT '状态：0-禁用, 1-启用',
  `create_time` datetime NULL DEFAULT CURRENT_TIMESTAMP COMMENT '创建时间',
  `update_time` datetime NULL DEFAULT CURRENT_TIMESTAMP ON UPDATE CURRENT_TIMESTAMP COMMENT '更新时间',
  `deleted` int NULL DEFAULT 0 COMMENT '逻辑删除：0-未删除, 1-已删除',
  PRIMARY KEY (`id`) USING BTREE,
  UNIQUE INDEX `uk_username`(`username` ASC) USING BTREE,
  INDEX `idx_phone`(`phone` ASC) USING BTREE,
  INDEX `idx_role`(`role` ASC) USING BTREE
) ENGINE = InnoDB AUTO_INCREMENT = 251 CHARACTER SET = utf8mb4 COLLATE = utf8mb4_unicode_ci COMMENT = '用户表' ROW_FORMAT = Dynamic;

-- ----------------------------
-- Records of sys_user
-- ----------------------------
INSERT INTO `sys_user` VALUES (1, 'admin', 'e10adc3949ba59abbe56e057f20f883e', '系统管理员', '13800000001', 'admin@cpm.com', NULL, 'ADMIN', 1, '2024-01-01 10:00:00', '2024-01-01 10:00:00', 0);
INSERT INTO `sys_user` VALUES (2, 'admin001', 'e10adc3949ba59abbe56e057f20f883e', '张管理员', '13800000002', 'admin001@cpm.com', NULL, 'ADMIN', 1, '2024-01-01 10:00:00', '2024-01-01 10:00:00', 0);
INSERT INTO `sys_user` VALUES (3, 'admin002', 'e10adc3949ba59abbe56e057f20f883e', '李管理员', '13800000003', 'admin002@cpm.com', NULL, 'ADMIN', 1, '2024-01-01 10:00:00', '2024-01-01 10:00:00', 0);
INSERT INTO `sys_user` VALUES (4, 'admin003', 'e10adc3949ba59abbe56e057f20f883e', '王管理员', '13800000004', 'admin003@cpm.com', NULL, 'ADMIN', 1, '2024-01-01 10:00:00', '2024-01-01 10:00:00', 0);
INSERT INTO `sys_user` VALUES (5, 'admin004', 'e10adc3949ba59abbe56e057f20f883e', '刘管理员', '13800000005', 'admin004@cpm.com', NULL, 'ADMIN', 1, '2024-01-01 10:00:00', '2024-01-01 10:00:00', 0);
INSERT INTO `sys_user` VALUES (6, 'user001', 'e10adc3949ba59abbe56e057f20f883e', '张三', '13800138001', 'user001@cpm.com', NULL, 'USER', 1, '2024-01-02 10:00:00', '2024-01-02 10:00:00', 0);
INSERT INTO `sys_user` VALUES (7, 'user002', 'e10adc3949ba59abbe56e057f20f883e', '李四', '13800138002', 'user002@cpm.com', NULL, 'USER', 1, '2024-01-02 10:00:00', '2024-01-02 10:00:00', 0);
INSERT INTO `sys_user` VALUES (8, 'user003', 'e10adc3949ba59abbe56e057f20f883e', '王五', '13800138003', 'user003@cpm.com', NULL, 'USER', 1, '2024-01-02 10:00:00', '2024-01-02 10:00:00', 0);
INSERT INTO `sys_user` VALUES (9, 'user004', 'e10adc3949ba59abbe56e057f20f883e', '赵六', '13800138004', 'user004@cpm.com', NULL, 'USER', 1, '2024-01-02 10:00:00', '2024-01-02 10:00:00', 0);
INSERT INTO `sys_user` VALUES (10, 'user005', 'e10adc3949ba59abbe56e057f20f883e', '钱七', '13800138005', 'user005@cpm.com', NULL, 'USER', 1, '2024-01-02 10:00:00', '2024-01-02 10:00:00', 0);
INSERT INTO `sys_user` VALUES (11, 'user006', 'e10adc3949ba59abbe56e057f20f883e', '用户6', '13800013806', 'user006@cpm.com', NULL, 'USER', 1, '2024-01-07 10:00:00', '2024-01-07 10:00:00', 0);
INSERT INTO `sys_user` VALUES (12, 'user007', 'e10adc3949ba59abbe56e057f20f883e', '用户7', '13800013807', 'user007@cpm.com', NULL, 'USER', 1, '2024-01-08 10:00:00', '2024-01-08 10:00:00', 0);
INSERT INTO `sys_user` VALUES (13, 'user008', 'e10adc3949ba59abbe56e057f20f883e', '用户8', '13800013808', 'user008@cpm.com', NULL, 'USER', 1, '2024-01-09 10:00:00', '2024-01-09 10:00:00', 0);
INSERT INTO `sys_user` VALUES (14, 'user009', 'e10adc3949ba59abbe56e057f20f883e', '用户9', '13800013809', 'user009@cpm.com', NULL, 'USER', 1, '2024-01-10 10:00:00', '2024-01-10 10:00:00', 0);
INSERT INTO `sys_user` VALUES (15, 'user010', 'e10adc3949ba59abbe56e057f20f883e', '用户10', '13800013810', 'user010@cpm.com', NULL, 'USER', 1, '2024-01-11 10:00:00', '2024-01-11 10:00:00', 0);
INSERT INTO `sys_user` VALUES (16, 'user011', 'e10adc3949ba59abbe56e057f20f883e', '用户11', '13800013811', 'user011@cpm.com', NULL, 'USER', 1, '2024-01-12 10:00:00', '2024-01-12 10:00:00', 0);
INSERT INTO `sys_user` VALUES (17, 'user012', 'e10adc3949ba59abbe56e057f20f883e', '用户12', '13800013812', 'user012@cpm.com', NULL, 'USER', 1, '2024-01-13 10:00:00', '2024-01-13 10:00:00', 0);
INSERT INTO `sys_user` VALUES (18, 'user013', 'e10adc3949ba59abbe56e057f20f883e', '用户13', '13800013813', 'user013@cpm.com', NULL, 'USER', 1, '2024-01-14 10:00:00', '2024-01-14 10:00:00', 0);
INSERT INTO `sys_user` VALUES (19, 'user014', 'e10adc3949ba59abbe56e057f20f883e', '用户14', '13800013814', 'user014@cpm.com', NULL, 'USER', 1, '2024-01-15 10:00:00', '2024-01-15 10:00:00', 0);
INSERT INTO `sys_user` VALUES (20, 'user015', 'e10adc3949ba59abbe56e057f20f883e', '用户15', '13800013815', 'user015@cpm.com', NULL, 'USER', 1, '2024-01-16 10:00:00', '2024-01-16 10:00:00', 0);
INSERT INTO `sys_user` VALUES (21, 'user016', 'e10adc3949ba59abbe56e057f20f883e', '用户16', '13800013816', 'user016@cpm.com', NULL, 'USER', 1, '2024-01-17 10:00:00', '2024-01-17 10:00:00', 0);
INSERT INTO `sys_user` VALUES (22, 'user017', 'e10adc3949ba59abbe56e057f20f883e', '用户17', '13800013817', 'user017@cpm.com', NULL, 'USER', 1, '2024-01-18 10:00:00', '2024-01-18 10:00:00', 0);
INSERT INTO `sys_user` VALUES (23, 'user018', 'e10adc3949ba59abbe56e057f20f883e', '用户18', '13800013818', 'user018@cpm.com', NULL, 'USER', 1, '2024-01-19 10:00:00', '2024-01-19 10:00:00', 0);
INSERT INTO `sys_user` VALUES (24, 'user019', 'e10adc3949ba59abbe56e057f20f883e', '用户19', '13800013819', 'user019@cpm.com', NULL, 'USER', 1, '2024-01-20 10:00:00', '2024-01-20 10:00:00', 0);
INSERT INTO `sys_user` VALUES (25, 'user020', 'e10adc3949ba59abbe56e057f20f883e', '用户20', '13800013820', 'user020@cpm.com', NULL, 'USER', 1, '2024-01-21 10:00:00', '2024-01-21 10:00:00', 0);
INSERT INTO `sys_user` VALUES (26, 'user021', 'e10adc3949ba59abbe56e057f20f883e', '用户21', '13800013821', 'user021@cpm.com', NULL, 'USER', 1, '2024-01-22 10:00:00', '2024-01-22 10:00:00', 0);
INSERT INTO `sys_user` VALUES (27, 'user022', 'e10adc3949ba59abbe56e057f20f883e', '用户22', '13800013822', 'user022@cpm.com', NULL, 'USER', 1, '2024-01-23 10:00:00', '2024-01-23 10:00:00', 0);
INSERT INTO `sys_user` VALUES (28, 'user023', 'e10adc3949ba59abbe56e057f20f883e', '用户23', '13800013823', 'user023@cpm.com', NULL, 'USER', 1, '2024-01-24 10:00:00', '2024-01-24 10:00:00', 0);
INSERT INTO `sys_user` VALUES (29, 'user024', 'e10adc3949ba59abbe56e057f20f883e', '用户24', '13800013824', 'user024@cpm.com', NULL, 'USER', 1, '2024-01-25 10:00:00', '2024-01-25 10:00:00', 0);
INSERT INTO `sys_user` VALUES (30, 'user025', 'e10adc3949ba59abbe56e057f20f883e', '用户25', '13800013825', 'user025@cpm.com', NULL, 'USER', 1, '2024-01-26 10:00:00', '2024-01-26 10:00:00', 0);
INSERT INTO `sys_user` VALUES (31, 'user026', 'e10adc3949ba59abbe56e057f20f883e', '用户26', '13800013826', 'user026@cpm.com', NULL, 'USER', 1, '2024-01-27 10:00:00', '2024-01-27 10:00:00', 0);
INSERT INTO `sys_user` VALUES (32, 'user027', 'e10adc3949ba59abbe56e057f20f883e', '用户27', '13800013827', 'user027@cpm.com', NULL, 'USER', 1, '2024-01-28 10:00:00', '2024-01-28 10:00:00', 0);
INSERT INTO `sys_user` VALUES (33, 'user028', 'e10adc3949ba59abbe56e057f20f883e', '用户28', '13800013828', 'user028@cpm.com', NULL, 'USER', 1, '2024-01-29 10:00:00', '2024-01-29 10:00:00', 0);
INSERT INTO `sys_user` VALUES (34, 'user029', 'e10adc3949ba59abbe56e057f20f883e', '用户29', '13800013829', 'user029@cpm.com', NULL, 'USER', 1, '2024-01-30 10:00:00', '2024-01-30 10:00:00', 0);
INSERT INTO `sys_user` VALUES (35, 'user030', 'e10adc3949ba59abbe56e057f20f883e', '用户30', '13800013830', 'user030@cpm.com', NULL, 'USER', 1, '2024-01-31 10:00:00', '2024-01-31 10:00:00', 0);
INSERT INTO `sys_user` VALUES (36, 'user031', 'e10adc3949ba59abbe56e057f20f883e', '用户31', '13800013831', 'user031@cpm.com', NULL, 'USER', 1, '2024-02-01 10:00:00', '2024-02-01 10:00:00', 0);
INSERT INTO `sys_user` VALUES (37, 'user032', 'e10adc3949ba59abbe56e057f20f883e', '用户32', '13800013832', 'user032@cpm.com', NULL, 'USER', 1, '2024-02-02 10:00:00', '2024-02-02 10:00:00', 0);
INSERT INTO `sys_user` VALUES (38, 'user033', 'e10adc3949ba59abbe56e057f20f883e', '用户33', '13800013833', 'user033@cpm.com', NULL, 'USER', 1, '2024-02-03 10:00:00', '2024-02-03 10:00:00', 0);
INSERT INTO `sys_user` VALUES (39, 'user034', 'e10adc3949ba59abbe56e057f20f883e', '用户34', '13800013834', 'user034@cpm.com', NULL, 'USER', 1, '2024-02-04 10:00:00', '2024-02-04 10:00:00', 0);
INSERT INTO `sys_user` VALUES (40, 'user035', 'e10adc3949ba59abbe56e057f20f883e', '用户35', '13800013835', 'user035@cpm.com', NULL, 'USER', 1, '2024-02-05 10:00:00', '2024-02-05 10:00:00', 0);
INSERT INTO `sys_user` VALUES (41, 'user036', 'e10adc3949ba59abbe56e057f20f883e', '用户36', '13800013836', 'user036@cpm.com', NULL, 'USER', 1, '2024-02-06 10:00:00', '2024-02-06 10:00:00', 0);
INSERT INTO `sys_user` VALUES (42, 'user037', 'e10adc3949ba59abbe56e057f20f883e', '用户37', '13800013837', 'user037@cpm.com', NULL, 'USER', 1, '2024-02-07 10:00:00', '2024-02-07 10:00:00', 0);
INSERT INTO `sys_user` VALUES (43, 'user038', 'e10adc3949ba59abbe56e057f20f883e', '用户38', '13800013838', 'user038@cpm.com', NULL, 'USER', 1, '2024-02-08 10:00:00', '2024-02-08 10:00:00', 0);
INSERT INTO `sys_user` VALUES (44, 'user039', 'e10adc3949ba59abbe56e057f20f883e', '用户39', '13800013839', 'user039@cpm.com', NULL, 'USER', 1, '2024-02-09 10:00:00', '2024-02-09 10:00:00', 0);
INSERT INTO `sys_user` VALUES (45, 'user040', 'e10adc3949ba59abbe56e057f20f883e', '用户40', '13800013840', 'user040@cpm.com', NULL, 'USER', 1, '2024-02-10 10:00:00', '2024-02-10 10:00:00', 0);
INSERT INTO `sys_user` VALUES (46, 'user041', 'e10adc3949ba59abbe56e057f20f883e', '用户41', '13800013841', 'user041@cpm.com', NULL, 'USER', 1, '2024-02-11 10:00:00', '2024-02-11 10:00:00', 0);
INSERT INTO `sys_user` VALUES (47, 'user042', 'e10adc3949ba59abbe56e057f20f883e', '用户42', '13800013842', 'user042@cpm.com', NULL, 'USER', 1, '2024-02-12 10:00:00', '2024-02-12 10:00:00', 0);
INSERT INTO `sys_user` VALUES (48, 'user043', 'e10adc3949ba59abbe56e057f20f883e', '用户43', '13800013843', 'user043@cpm.com', NULL, 'USER', 1, '2024-02-13 10:00:00', '2024-02-13 10:00:00', 0);
INSERT INTO `sys_user` VALUES (49, 'user044', 'e10adc3949ba59abbe56e057f20f883e', '用户44', '13800013844', 'user044@cpm.com', NULL, 'USER', 1, '2024-02-14 10:00:00', '2024-02-14 10:00:00', 0);
INSERT INTO `sys_user` VALUES (50, 'user045', 'e10adc3949ba59abbe56e057f20f883e', '用户45', '13800013845', 'user045@cpm.com', NULL, 'USER', 1, '2024-02-15 10:00:00', '2024-02-15 10:00:00', 0);
INSERT INTO `sys_user` VALUES (51, 'user046', 'e10adc3949ba59abbe56e057f20f883e', '用户46', '13800013846', 'user046@cpm.com', NULL, 'USER', 1, '2024-02-16 10:00:00', '2024-02-16 10:00:00', 0);
INSERT INTO `sys_user` VALUES (52, 'user047', 'e10adc3949ba59abbe56e057f20f883e', '用户47', '13800013847', 'user047@cpm.com', NULL, 'USER', 1, '2024-02-17 10:00:00', '2024-02-17 10:00:00', 0);
INSERT INTO `sys_user` VALUES (53, 'user048', 'e10adc3949ba59abbe56e057f20f883e', '用户48', '13800013848', 'user048@cpm.com', NULL, 'USER', 1, '2024-02-18 10:00:00', '2024-02-18 10:00:00', 0);
INSERT INTO `sys_user` VALUES (54, 'user049', 'e10adc3949ba59abbe56e057f20f883e', '用户49', '13800013849', 'user049@cpm.com', NULL, 'USER', 1, '2024-02-19 10:00:00', '2024-02-19 10:00:00', 0);
INSERT INTO `sys_user` VALUES (55, 'user050', 'e10adc3949ba59abbe56e057f20f883e', '用户50', '13800013850', 'user050@cpm.com', NULL, 'USER', 1, '2024-02-20 10:00:00', '2024-02-20 10:00:00', 0);
INSERT INTO `sys_user` VALUES (56, 'user051', 'e10adc3949ba59abbe56e057f20f883e', '用户51', '13800013851', 'user051@cpm.com', NULL, 'USER', 1, '2024-02-21 10:00:00', '2024-02-21 10:00:00', 0);
INSERT INTO `sys_user` VALUES (57, 'user052', 'e10adc3949ba59abbe56e057f20f883e', '用户52', '13800013852', 'user052@cpm.com', NULL, 'USER', 1, '2024-02-22 10:00:00', '2024-02-22 10:00:00', 0);
INSERT INTO `sys_user` VALUES (58, 'user053', 'e10adc3949ba59abbe56e057f20f883e', '用户53', '13800013853', 'user053@cpm.com', NULL, 'USER', 1, '2024-02-23 10:00:00', '2024-02-23 10:00:00', 0);
INSERT INTO `sys_user` VALUES (59, 'user054', 'e10adc3949ba59abbe56e057f20f883e', '用户54', '13800013854', 'user054@cpm.com', NULL, 'USER', 1, '2024-02-24 10:00:00', '2024-02-24 10:00:00', 0);
INSERT INTO `sys_user` VALUES (60, 'user055', 'e10adc3949ba59abbe56e057f20f883e', '用户55', '13800013855', 'user055@cpm.com', NULL, 'USER', 1, '2024-02-25 10:00:00', '2024-02-25 10:00:00', 0);
INSERT INTO `sys_user` VALUES (61, 'user056', 'e10adc3949ba59abbe56e057f20f883e', '用户56', '13800013856', 'user056@cpm.com', NULL, 'USER', 1, '2024-02-26 10:00:00', '2024-02-26 10:00:00', 0);
INSERT INTO `sys_user` VALUES (62, 'user057', 'e10adc3949ba59abbe56e057f20f883e', '用户57', '13800013857', 'user057@cpm.com', NULL, 'USER', 1, '2024-02-27 10:00:00', '2024-02-27 10:00:00', 0);
INSERT INTO `sys_user` VALUES (63, 'user058', 'e10adc3949ba59abbe56e057f20f883e', '用户58', '13800013858', 'user058@cpm.com', NULL, 'USER', 1, '2024-02-28 10:00:00', '2024-02-28 10:00:00', 0);
INSERT INTO `sys_user` VALUES (64, 'user059', 'e10adc3949ba59abbe56e057f20f883e', '用户59', '13800013859', 'user059@cpm.com', NULL, 'USER', 1, '2024-02-29 10:00:00', '2024-02-29 10:00:00', 0);
INSERT INTO `sys_user` VALUES (65, 'user060', 'e10adc3949ba59abbe56e057f20f883e', '用户60', '13800013860', 'user060@cpm.com', NULL, 'USER', 1, '2024-03-01 10:00:00', '2024-03-01 10:00:00', 0);
INSERT INTO `sys_user` VALUES (66, 'user061', 'e10adc3949ba59abbe56e057f20f883e', '用户61', '13800013861', 'user061@cpm.com', NULL, 'USER', 1, '2024-03-02 10:00:00', '2024-03-02 10:00:00', 0);
INSERT INTO `sys_user` VALUES (67, 'user062', 'e10adc3949ba59abbe56e057f20f883e', '用户62', '13800013862', 'user062@cpm.com', NULL, 'USER', 1, '2024-03-03 10:00:00', '2024-03-03 10:00:00', 0);
INSERT INTO `sys_user` VALUES (68, 'user063', 'e10adc3949ba59abbe56e057f20f883e', '用户63', '13800013863', 'user063@cpm.com', NULL, 'USER', 1, '2024-03-04 10:00:00', '2024-03-04 10:00:00', 0);
INSERT INTO `sys_user` VALUES (69, 'user064', 'e10adc3949ba59abbe56e057f20f883e', '用户64', '13800013864', 'user064@cpm.com', NULL, 'USER', 1, '2024-03-05 10:00:00', '2024-03-05 10:00:00', 0);
INSERT INTO `sys_user` VALUES (70, 'user065', 'e10adc3949ba59abbe56e057f20f883e', '用户65', '13800013865', 'user065@cpm.com', NULL, 'USER', 1, '2024-03-06 10:00:00', '2024-03-06 10:00:00', 0);
INSERT INTO `sys_user` VALUES (71, 'user066', 'e10adc3949ba59abbe56e057f20f883e', '用户66', '13800013866', 'user066@cpm.com', NULL, 'USER', 1, '2024-03-07 10:00:00', '2024-03-07 10:00:00', 0);
INSERT INTO `sys_user` VALUES (72, 'user067', 'e10adc3949ba59abbe56e057f20f883e', '用户67', '13800013867', 'user067@cpm.com', NULL, 'USER', 1, '2024-03-08 10:00:00', '2024-03-08 10:00:00', 0);
INSERT INTO `sys_user` VALUES (73, 'user068', 'e10adc3949ba59abbe56e057f20f883e', '用户68', '13800013868', 'user068@cpm.com', NULL, 'USER', 1, '2024-03-09 10:00:00', '2024-03-09 10:00:00', 0);
INSERT INTO `sys_user` VALUES (74, 'user069', 'e10adc3949ba59abbe56e057f20f883e', '用户69', '13800013869', 'user069@cpm.com', NULL, 'USER', 1, '2024-03-10 10:00:00', '2024-03-10 10:00:00', 0);
INSERT INTO `sys_user` VALUES (75, 'user070', 'e10adc3949ba59abbe56e057f20f883e', '用户70', '13800013870', 'user070@cpm.com', NULL, 'USER', 1, '2024-03-11 10:00:00', '2024-03-11 10:00:00', 0);
INSERT INTO `sys_user` VALUES (76, 'user071', 'e10adc3949ba59abbe56e057f20f883e', '用户71', '13800013871', 'user071@cpm.com', NULL, 'USER', 1, '2024-03-12 10:00:00', '2024-03-12 10:00:00', 0);
INSERT INTO `sys_user` VALUES (77, 'user072', 'e10adc3949ba59abbe56e057f20f883e', '用户72', '13800013872', 'user072@cpm.com', NULL, 'USER', 1, '2024-03-13 10:00:00', '2024-03-13 10:00:00', 0);
INSERT INTO `sys_user` VALUES (78, 'user073', 'e10adc3949ba59abbe56e057f20f883e', '用户73', '13800013873', 'user073@cpm.com', NULL, 'USER', 1, '2024-03-14 10:00:00', '2024-03-14 10:00:00', 0);
INSERT INTO `sys_user` VALUES (79, 'user074', 'e10adc3949ba59abbe56e057f20f883e', '用户74', '13800013874', 'user074@cpm.com', NULL, 'USER', 1, '2024-03-15 10:00:00', '2024-03-15 10:00:00', 0);
INSERT INTO `sys_user` VALUES (80, 'user075', 'e10adc3949ba59abbe56e057f20f883e', '用户75', '13800013875', 'user075@cpm.com', NULL, 'USER', 1, '2024-03-16 10:00:00', '2024-03-16 10:00:00', 0);
INSERT INTO `sys_user` VALUES (81, 'user076', 'e10adc3949ba59abbe56e057f20f883e', '用户76', '13800013876', 'user076@cpm.com', NULL, 'USER', 1, '2024-03-17 10:00:00', '2024-03-17 10:00:00', 0);
INSERT INTO `sys_user` VALUES (82, 'user077', 'e10adc3949ba59abbe56e057f20f883e', '用户77', '13800013877', 'user077@cpm.com', NULL, 'USER', 1, '2024-03-18 10:00:00', '2024-03-18 10:00:00', 0);
INSERT INTO `sys_user` VALUES (83, 'user078', 'e10adc3949ba59abbe56e057f20f883e', '用户78', '13800013878', 'user078@cpm.com', NULL, 'USER', 1, '2024-03-19 10:00:00', '2024-03-19 10:00:00', 0);
INSERT INTO `sys_user` VALUES (84, 'user079', 'e10adc3949ba59abbe56e057f20f883e', '用户79', '13800013879', 'user079@cpm.com', NULL, 'USER', 1, '2024-03-20 10:00:00', '2024-03-20 10:00:00', 0);
INSERT INTO `sys_user` VALUES (85, 'user080', 'e10adc3949ba59abbe56e057f20f883e', '用户80', '13800013880', 'user080@cpm.com', NULL, 'USER', 1, '2024-03-21 10:00:00', '2024-03-21 10:00:00', 0);
INSERT INTO `sys_user` VALUES (86, 'user081', 'e10adc3949ba59abbe56e057f20f883e', '用户81', '13800013881', 'user081@cpm.com', NULL, 'USER', 1, '2024-03-22 10:00:00', '2024-03-22 10:00:00', 0);
INSERT INTO `sys_user` VALUES (87, 'user082', 'e10adc3949ba59abbe56e057f20f883e', '用户82', '13800013882', 'user082@cpm.com', NULL, 'USER', 1, '2024-03-23 10:00:00', '2024-03-23 10:00:00', 0);
INSERT INTO `sys_user` VALUES (88, 'user083', 'e10adc3949ba59abbe56e057f20f883e', '用户83', '13800013883', 'user083@cpm.com', NULL, 'USER', 1, '2024-03-24 10:00:00', '2024-03-24 10:00:00', 0);
INSERT INTO `sys_user` VALUES (89, 'user084', 'e10adc3949ba59abbe56e057f20f883e', '用户84', '13800013884', 'user084@cpm.com', NULL, 'USER', 1, '2024-03-25 10:00:00', '2024-03-25 10:00:00', 0);
INSERT INTO `sys_user` VALUES (90, 'user085', 'e10adc3949ba59abbe56e057f20f883e', '用户85', '13800013885', 'user085@cpm.com', NULL, 'USER', 1, '2024-03-26 10:00:00', '2024-03-26 10:00:00', 0);
INSERT INTO `sys_user` VALUES (91, 'user086', 'e10adc3949ba59abbe56e057f20f883e', '用户86', '13800013886', 'user086@cpm.com', NULL, 'USER', 1, '2024-03-27 10:00:00', '2024-03-27 10:00:00', 0);
INSERT INTO `sys_user` VALUES (92, 'user087', 'e10adc3949ba59abbe56e057f20f883e', '用户87', '13800013887', 'user087@cpm.com', NULL, 'USER', 1, '2024-03-28 10:00:00', '2024-03-28 10:00:00', 0);
INSERT INTO `sys_user` VALUES (93, 'user088', 'e10adc3949ba59abbe56e057f20f883e', '用户88', '13800013888', 'user088@cpm.com', NULL, 'USER', 1, '2024-03-29 10:00:00', '2024-03-29 10:00:00', 0);
INSERT INTO `sys_user` VALUES (94, 'user089', 'e10adc3949ba59abbe56e057f20f883e', '用户89', '13800013889', 'user089@cpm.com', NULL, 'USER', 1, '2024-03-30 10:00:00', '2024-03-30 10:00:00', 0);
INSERT INTO `sys_user` VALUES (95, 'user090', 'e10adc3949ba59abbe56e057f20f883e', '用户90', '13800013890', 'user090@cpm.com', NULL, 'USER', 1, '2024-03-31 10:00:00', '2024-03-31 10:00:00', 0);
INSERT INTO `sys_user` VALUES (96, 'user091', 'e10adc3949ba59abbe56e057f20f883e', '用户91', '13800013891', 'user091@cpm.com', NULL, 'USER', 1, '2024-04-01 10:00:00', '2024-04-01 10:00:00', 0);
INSERT INTO `sys_user` VALUES (97, 'user092', 'e10adc3949ba59abbe56e057f20f883e', '用户92', '13800013892', 'user092@cpm.com', NULL, 'USER', 1, '2024-04-02 10:00:00', '2024-04-02 10:00:00', 0);
INSERT INTO `sys_user` VALUES (98, 'user093', 'e10adc3949ba59abbe56e057f20f883e', '用户93', '13800013893', 'user093@cpm.com', NULL, 'USER', 1, '2024-04-03 10:00:00', '2024-04-03 10:00:00', 0);
INSERT INTO `sys_user` VALUES (99, 'user094', 'e10adc3949ba59abbe56e057f20f883e', '用户94', '13800013894', 'user094@cpm.com', NULL, 'USER', 1, '2024-04-04 10:00:00', '2024-04-04 10:00:00', 0);
INSERT INTO `sys_user` VALUES (100, 'user095', 'e10adc3949ba59abbe56e057f20f883e', '用户95', '13800013895', 'user095@cpm.com', NULL, 'USER', 1, '2024-04-05 10:00:00', '2024-04-05 10:00:00', 0);
INSERT INTO `sys_user` VALUES (101, 'user096', 'e10adc3949ba59abbe56e057f20f883e', '用户96', '13800013896', 'user096@cpm.com', NULL, 'USER', 1, '2024-04-06 10:00:00', '2024-04-06 10:00:00', 0);
INSERT INTO `sys_user` VALUES (102, 'user097', 'e10adc3949ba59abbe56e057f20f883e', '用户97', '13800013897', 'user097@cpm.com', NULL, 'USER', 1, '2024-04-07 10:00:00', '2024-04-07 10:00:00', 0);
INSERT INTO `sys_user` VALUES (103, 'user098', 'e10adc3949ba59abbe56e057f20f883e', '用户98', '13800013898', 'user098@cpm.com', NULL, 'USER', 1, '2024-04-08 10:00:00', '2024-04-08 10:00:00', 0);
INSERT INTO `sys_user` VALUES (104, 'user099', 'e10adc3949ba59abbe56e057f20f883e', '用户99', '13800013899', 'user099@cpm.com', NULL, 'USER', 1, '2024-04-09 10:00:00', '2024-04-09 10:00:00', 0);
INSERT INTO `sys_user` VALUES (105, 'user100', 'e10adc3949ba59abbe56e057f20f883e', '用户100', '13800013900', 'user100@cpm.com', NULL, 'USER', 1, '2024-04-10 10:00:00', '2024-04-10 10:00:00', 0);
INSERT INTO `sys_user` VALUES (106, 'user101', 'e10adc3949ba59abbe56e057f20f883e', '用户101', '13800013901', 'user101@cpm.com', NULL, 'USER', 1, '2024-04-11 10:00:00', '2024-04-11 10:00:00', 0);
INSERT INTO `sys_user` VALUES (107, 'user102', 'e10adc3949ba59abbe56e057f20f883e', '用户102', '13800013902', 'user102@cpm.com', NULL, 'USER', 1, '2024-04-12 10:00:00', '2024-04-12 10:00:00', 0);
INSERT INTO `sys_user` VALUES (108, 'user103', 'e10adc3949ba59abbe56e057f20f883e', '用户103', '13800013903', 'user103@cpm.com', NULL, 'USER', 1, '2024-04-13 10:00:00', '2024-04-13 10:00:00', 0);
INSERT INTO `sys_user` VALUES (109, 'user104', 'e10adc3949ba59abbe56e057f20f883e', '用户104', '13800013904', 'user104@cpm.com', NULL, 'USER', 1, '2024-04-14 10:00:00', '2024-04-14 10:00:00', 0);
INSERT INTO `sys_user` VALUES (110, 'user105', 'e10adc3949ba59abbe56e057f20f883e', '用户105', '13800013905', 'user105@cpm.com', NULL, 'USER', 1, '2024-04-15 10:00:00', '2024-04-15 10:00:00', 0);
INSERT INTO `sys_user` VALUES (111, 'user106', 'e10adc3949ba59abbe56e057f20f883e', '用户106', '13800013906', 'user106@cpm.com', NULL, 'USER', 1, '2024-04-16 10:00:00', '2024-04-16 10:00:00', 0);
INSERT INTO `sys_user` VALUES (112, 'user107', 'e10adc3949ba59abbe56e057f20f883e', '用户107', '13800013907', 'user107@cpm.com', NULL, 'USER', 1, '2024-04-17 10:00:00', '2024-04-17 10:00:00', 0);
INSERT INTO `sys_user` VALUES (113, 'user108', 'e10adc3949ba59abbe56e057f20f883e', '用户108', '13800013908', 'user108@cpm.com', NULL, 'USER', 1, '2024-04-18 10:00:00', '2024-04-18 10:00:00', 0);
INSERT INTO `sys_user` VALUES (114, 'user109', 'e10adc3949ba59abbe56e057f20f883e', '用户109', '13800013909', 'user109@cpm.com', NULL, 'USER', 1, '2024-04-19 10:00:00', '2024-04-19 10:00:00', 0);
INSERT INTO `sys_user` VALUES (115, 'user110', 'e10adc3949ba59abbe56e057f20f883e', '用户110', '13800013910', 'user110@cpm.com', NULL, 'USER', 1, '2024-04-20 10:00:00', '2024-04-20 10:00:00', 0);
INSERT INTO `sys_user` VALUES (116, 'user111', 'e10adc3949ba59abbe56e057f20f883e', '用户111', '13800013911', 'user111@cpm.com', NULL, 'USER', 1, '2024-04-21 10:00:00', '2024-04-21 10:00:00', 0);
INSERT INTO `sys_user` VALUES (117, 'user112', 'e10adc3949ba59abbe56e057f20f883e', '用户112', '13800013912', 'user112@cpm.com', NULL, 'USER', 1, '2024-04-22 10:00:00', '2024-04-22 10:00:00', 0);
INSERT INTO `sys_user` VALUES (118, 'user113', 'e10adc3949ba59abbe56e057f20f883e', '用户113', '13800013913', 'user113@cpm.com', NULL, 'USER', 1, '2024-04-23 10:00:00', '2024-04-23 10:00:00', 0);
INSERT INTO `sys_user` VALUES (119, 'user114', 'e10adc3949ba59abbe56e057f20f883e', '用户114', '13800013914', 'user114@cpm.com', NULL, 'USER', 1, '2024-04-24 10:00:00', '2024-04-24 10:00:00', 0);
INSERT INTO `sys_user` VALUES (120, 'user115', 'e10adc3949ba59abbe56e057f20f883e', '用户115', '13800013915', 'user115@cpm.com', NULL, 'USER', 1, '2024-04-25 10:00:00', '2024-04-25 10:00:00', 0);
INSERT INTO `sys_user` VALUES (121, 'user116', 'e10adc3949ba59abbe56e057f20f883e', '用户116', '13800013916', 'user116@cpm.com', NULL, 'USER', 1, '2024-04-26 10:00:00', '2024-04-26 10:00:00', 0);
INSERT INTO `sys_user` VALUES (122, 'user117', 'e10adc3949ba59abbe56e057f20f883e', '用户117', '13800013917', 'user117@cpm.com', NULL, 'USER', 1, '2024-04-27 10:00:00', '2024-04-27 10:00:00', 0);
INSERT INTO `sys_user` VALUES (123, 'user118', 'e10adc3949ba59abbe56e057f20f883e', '用户118', '13800013918', 'user118@cpm.com', NULL, 'USER', 1, '2024-04-28 10:00:00', '2024-04-28 10:00:00', 0);
INSERT INTO `sys_user` VALUES (124, 'user119', 'e10adc3949ba59abbe56e057f20f883e', '用户119', '13800013919', 'user119@cpm.com', NULL, 'USER', 1, '2024-04-29 10:00:00', '2024-04-29 10:00:00', 0);
INSERT INTO `sys_user` VALUES (125, 'user120', 'e10adc3949ba59abbe56e057f20f883e', '用户120', '13800013920', 'user120@cpm.com', NULL, 'USER', 1, '2024-04-30 10:00:00', '2024-04-30 10:00:00', 0);
INSERT INTO `sys_user` VALUES (126, 'user121', 'e10adc3949ba59abbe56e057f20f883e', '用户121', '13800013921', 'user121@cpm.com', NULL, 'USER', 1, '2024-05-01 10:00:00', '2024-05-01 10:00:00', 0);
INSERT INTO `sys_user` VALUES (127, 'user122', 'e10adc3949ba59abbe56e057f20f883e', '用户122', '13800013922', 'user122@cpm.com', NULL, 'USER', 1, '2024-05-02 10:00:00', '2024-05-02 10:00:00', 0);
INSERT INTO `sys_user` VALUES (128, 'user123', 'e10adc3949ba59abbe56e057f20f883e', '用户123', '13800013923', 'user123@cpm.com', NULL, 'USER', 1, '2024-05-03 10:00:00', '2024-05-03 10:00:00', 0);
INSERT INTO `sys_user` VALUES (129, 'user124', 'e10adc3949ba59abbe56e057f20f883e', '用户124', '13800013924', 'user124@cpm.com', NULL, 'USER', 1, '2024-05-04 10:00:00', '2024-05-04 10:00:00', 0);
INSERT INTO `sys_user` VALUES (130, 'user125', 'e10adc3949ba59abbe56e057f20f883e', '用户125', '13800013925', 'user125@cpm.com', NULL, 'USER', 1, '2024-05-05 10:00:00', '2024-05-05 10:00:00', 0);
INSERT INTO `sys_user` VALUES (131, 'user126', 'e10adc3949ba59abbe56e057f20f883e', '用户126', '13800013926', 'user126@cpm.com', NULL, 'USER', 1, '2024-05-06 10:00:00', '2024-05-06 10:00:00', 0);
INSERT INTO `sys_user` VALUES (132, 'user127', 'e10adc3949ba59abbe56e057f20f883e', '用户127', '13800013927', 'user127@cpm.com', NULL, 'USER', 1, '2024-05-07 10:00:00', '2024-05-07 10:00:00', 0);
INSERT INTO `sys_user` VALUES (133, 'user128', 'e10adc3949ba59abbe56e057f20f883e', '用户128', '13800013928', 'user128@cpm.com', NULL, 'USER', 1, '2024-05-08 10:00:00', '2024-05-08 10:00:00', 0);
INSERT INTO `sys_user` VALUES (134, 'user129', 'e10adc3949ba59abbe56e057f20f883e', '用户129', '13800013929', 'user129@cpm.com', NULL, 'USER', 1, '2024-05-09 10:00:00', '2024-05-09 10:00:00', 0);
INSERT INTO `sys_user` VALUES (135, 'user130', 'e10adc3949ba59abbe56e057f20f883e', '用户130', '13800013930', 'user130@cpm.com', NULL, 'USER', 1, '2024-05-10 10:00:00', '2024-05-10 10:00:00', 0);
INSERT INTO `sys_user` VALUES (136, 'user131', 'e10adc3949ba59abbe56e057f20f883e', '用户131', '13800013931', 'user131@cpm.com', NULL, 'USER', 1, '2024-05-11 10:00:00', '2024-05-11 10:00:00', 0);
INSERT INTO `sys_user` VALUES (137, 'user132', 'e10adc3949ba59abbe56e057f20f883e', '用户132', '13800013932', 'user132@cpm.com', NULL, 'USER', 1, '2024-05-12 10:00:00', '2024-05-12 10:00:00', 0);
INSERT INTO `sys_user` VALUES (138, 'user133', 'e10adc3949ba59abbe56e057f20f883e', '用户133', '13800013933', 'user133@cpm.com', NULL, 'USER', 1, '2024-05-13 10:00:00', '2024-05-13 10:00:00', 0);
INSERT INTO `sys_user` VALUES (139, 'user134', 'e10adc3949ba59abbe56e057f20f883e', '用户134', '13800013934', 'user134@cpm.com', NULL, 'USER', 1, '2024-05-14 10:00:00', '2024-05-14 10:00:00', 0);
INSERT INTO `sys_user` VALUES (140, 'user135', 'e10adc3949ba59abbe56e057f20f883e', '用户135', '13800013935', 'user135@cpm.com', NULL, 'USER', 1, '2024-05-15 10:00:00', '2024-05-15 10:00:00', 0);
INSERT INTO `sys_user` VALUES (141, 'user136', 'e10adc3949ba59abbe56e057f20f883e', '用户136', '13800013936', 'user136@cpm.com', NULL, 'USER', 1, '2024-05-16 10:00:00', '2024-05-16 10:00:00', 0);
INSERT INTO `sys_user` VALUES (142, 'user137', 'e10adc3949ba59abbe56e057f20f883e', '用户137', '13800013937', 'user137@cpm.com', NULL, 'USER', 1, '2024-05-17 10:00:00', '2024-05-17 10:00:00', 0);
INSERT INTO `sys_user` VALUES (143, 'user138', 'e10adc3949ba59abbe56e057f20f883e', '用户138', '13800013938', 'user138@cpm.com', NULL, 'USER', 1, '2024-05-18 10:00:00', '2024-05-18 10:00:00', 0);
INSERT INTO `sys_user` VALUES (144, 'user139', 'e10adc3949ba59abbe56e057f20f883e', '用户139', '13800013939', 'user139@cpm.com', NULL, 'USER', 1, '2024-05-19 10:00:00', '2024-05-19 10:00:00', 0);
INSERT INTO `sys_user` VALUES (145, 'user140', 'e10adc3949ba59abbe56e057f20f883e', '用户140', '13800013940', 'user140@cpm.com', NULL, 'USER', 1, '2024-05-20 10:00:00', '2024-05-20 10:00:00', 0);
INSERT INTO `sys_user` VALUES (146, 'user141', 'e10adc3949ba59abbe56e057f20f883e', '用户141', '13800013941', 'user141@cpm.com', NULL, 'USER', 1, '2024-05-21 10:00:00', '2024-05-21 10:00:00', 0);
INSERT INTO `sys_user` VALUES (147, 'user142', 'e10adc3949ba59abbe56e057f20f883e', '用户142', '13800013942', 'user142@cpm.com', NULL, 'USER', 1, '2024-05-22 10:00:00', '2024-05-22 10:00:00', 0);
INSERT INTO `sys_user` VALUES (148, 'user143', 'e10adc3949ba59abbe56e057f20f883e', '用户143', '13800013943', 'user143@cpm.com', NULL, 'USER', 1, '2024-05-23 10:00:00', '2024-05-23 10:00:00', 0);
INSERT INTO `sys_user` VALUES (149, 'user144', 'e10adc3949ba59abbe56e057f20f883e', '用户144', '13800013944', 'user144@cpm.com', NULL, 'USER', 1, '2024-05-24 10:00:00', '2024-05-24 10:00:00', 0);
INSERT INTO `sys_user` VALUES (150, 'user145', 'e10adc3949ba59abbe56e057f20f883e', '用户145', '13800013945', 'user145@cpm.com', NULL, 'USER', 1, '2024-05-25 10:00:00', '2024-05-25 10:00:00', 0);
INSERT INTO `sys_user` VALUES (151, 'user146', 'e10adc3949ba59abbe56e057f20f883e', '用户146', '13800013946', 'user146@cpm.com', NULL, 'USER', 1, '2024-05-26 10:00:00', '2024-05-26 10:00:00', 0);
INSERT INTO `sys_user` VALUES (152, 'user147', 'e10adc3949ba59abbe56e057f20f883e', '用户147', '13800013947', 'user147@cpm.com', NULL, 'USER', 1, '2024-05-27 10:00:00', '2024-05-27 10:00:00', 0);
INSERT INTO `sys_user` VALUES (153, 'user148', 'e10adc3949ba59abbe56e057f20f883e', '用户148', '13800013948', 'user148@cpm.com', NULL, 'USER', 1, '2024-05-28 10:00:00', '2024-05-28 10:00:00', 0);
INSERT INTO `sys_user` VALUES (154, 'user149', 'e10adc3949ba59abbe56e057f20f883e', '用户149', '13800013949', 'user149@cpm.com', NULL, 'USER', 1, '2024-05-29 10:00:00', '2024-05-29 10:00:00', 0);
INSERT INTO `sys_user` VALUES (155, 'user150', 'e10adc3949ba59abbe56e057f20f883e', '用户150', '13800013950', 'user150@cpm.com', NULL, 'USER', 1, '2024-05-30 10:00:00', '2024-05-30 10:00:00', 0);
INSERT INTO `sys_user` VALUES (156, 'user151', 'e10adc3949ba59abbe56e057f20f883e', '用户151', '13800013951', 'user151@cpm.com', NULL, 'USER', 1, '2024-05-31 10:00:00', '2024-05-31 10:00:00', 0);
INSERT INTO `sys_user` VALUES (157, 'user152', 'e10adc3949ba59abbe56e057f20f883e', '用户152', '13800013952', 'user152@cpm.com', NULL, 'USER', 1, '2024-06-01 10:00:00', '2024-06-01 10:00:00', 0);
INSERT INTO `sys_user` VALUES (158, 'user153', 'e10adc3949ba59abbe56e057f20f883e', '用户153', '13800013953', 'user153@cpm.com', NULL, 'USER', 1, '2024-06-02 10:00:00', '2024-06-02 10:00:00', 0);
INSERT INTO `sys_user` VALUES (159, 'user154', 'e10adc3949ba59abbe56e057f20f883e', '用户154', '13800013954', 'user154@cpm.com', NULL, 'USER', 1, '2024-06-03 10:00:00', '2024-06-03 10:00:00', 0);
INSERT INTO `sys_user` VALUES (160, 'user155', 'e10adc3949ba59abbe56e057f20f883e', '用户155', '13800013955', 'user155@cpm.com', NULL, 'USER', 1, '2024-06-04 10:00:00', '2024-06-04 10:00:00', 0);
INSERT INTO `sys_user` VALUES (161, 'user156', 'e10adc3949ba59abbe56e057f20f883e', '用户156', '13800013956', 'user156@cpm.com', NULL, 'USER', 1, '2024-06-05 10:00:00', '2024-06-05 10:00:00', 0);
INSERT INTO `sys_user` VALUES (162, 'user157', 'e10adc3949ba59abbe56e057f20f883e', '用户157', '13800013957', 'user157@cpm.com', NULL, 'USER', 1, '2024-06-06 10:00:00', '2024-06-06 10:00:00', 0);
INSERT INTO `sys_user` VALUES (163, 'user158', 'e10adc3949ba59abbe56e057f20f883e', '用户158', '13800013958', 'user158@cpm.com', NULL, 'USER', 1, '2024-06-07 10:00:00', '2024-06-07 10:00:00', 0);
INSERT INTO `sys_user` VALUES (164, 'user159', 'e10adc3949ba59abbe56e057f20f883e', '用户159', '13800013959', 'user159@cpm.com', NULL, 'USER', 1, '2024-06-08 10:00:00', '2024-06-08 10:00:00', 0);
INSERT INTO `sys_user` VALUES (165, 'user160', 'e10adc3949ba59abbe56e057f20f883e', '用户160', '13800013960', 'user160@cpm.com', NULL, 'USER', 1, '2024-06-09 10:00:00', '2024-06-09 10:00:00', 0);
INSERT INTO `sys_user` VALUES (166, 'user161', 'e10adc3949ba59abbe56e057f20f883e', '用户161', '13800013961', 'user161@cpm.com', NULL, 'USER', 1, '2024-06-10 10:00:00', '2024-06-10 10:00:00', 0);
INSERT INTO `sys_user` VALUES (167, 'user162', 'e10adc3949ba59abbe56e057f20f883e', '用户162', '13800013962', 'user162@cpm.com', NULL, 'USER', 1, '2024-06-11 10:00:00', '2024-06-11 10:00:00', 0);
INSERT INTO `sys_user` VALUES (168, 'user163', 'e10adc3949ba59abbe56e057f20f883e', '用户163', '13800013963', 'user163@cpm.com', NULL, 'USER', 1, '2024-06-12 10:00:00', '2024-06-12 10:00:00', 0);
INSERT INTO `sys_user` VALUES (169, 'user164', 'e10adc3949ba59abbe56e057f20f883e', '用户164', '13800013964', 'user164@cpm.com', NULL, 'USER', 1, '2024-06-13 10:00:00', '2024-06-13 10:00:00', 0);
INSERT INTO `sys_user` VALUES (170, 'user165', 'e10adc3949ba59abbe56e057f20f883e', '用户165', '13800013965', 'user165@cpm.com', NULL, 'USER', 1, '2024-06-14 10:00:00', '2024-06-14 10:00:00', 0);
INSERT INTO `sys_user` VALUES (171, 'user166', 'e10adc3949ba59abbe56e057f20f883e', '用户166', '13800013966', 'user166@cpm.com', NULL, 'USER', 1, '2024-06-15 10:00:00', '2024-06-15 10:00:00', 0);
INSERT INTO `sys_user` VALUES (172, 'user167', 'e10adc3949ba59abbe56e057f20f883e', '用户167', '13800013967', 'user167@cpm.com', NULL, 'USER', 1, '2024-06-16 10:00:00', '2024-06-16 10:00:00', 0);
INSERT INTO `sys_user` VALUES (173, 'user168', 'e10adc3949ba59abbe56e057f20f883e', '用户168', '13800013968', 'user168@cpm.com', NULL, 'USER', 1, '2024-06-17 10:00:00', '2024-06-17 10:00:00', 0);
INSERT INTO `sys_user` VALUES (174, 'user169', 'e10adc3949ba59abbe56e057f20f883e', '用户169', '13800013969', 'user169@cpm.com', NULL, 'USER', 1, '2024-06-18 10:00:00', '2024-06-18 10:00:00', 0);
INSERT INTO `sys_user` VALUES (175, 'user170', 'e10adc3949ba59abbe56e057f20f883e', '用户170', '13800013970', 'user170@cpm.com', NULL, 'USER', 1, '2024-06-19 10:00:00', '2024-06-19 10:00:00', 0);
INSERT INTO `sys_user` VALUES (176, 'user171', 'e10adc3949ba59abbe56e057f20f883e', '用户171', '13800013971', 'user171@cpm.com', NULL, 'USER', 1, '2024-06-20 10:00:00', '2024-06-20 10:00:00', 0);
INSERT INTO `sys_user` VALUES (177, 'user172', 'e10adc3949ba59abbe56e057f20f883e', '用户172', '13800013972', 'user172@cpm.com', NULL, 'USER', 1, '2024-06-21 10:00:00', '2024-06-21 10:00:00', 0);
INSERT INTO `sys_user` VALUES (178, 'user173', 'e10adc3949ba59abbe56e057f20f883e', '用户173', '13800013973', 'user173@cpm.com', NULL, 'USER', 1, '2024-06-22 10:00:00', '2024-06-22 10:00:00', 0);
INSERT INTO `sys_user` VALUES (179, 'user174', 'e10adc3949ba59abbe56e057f20f883e', '用户174', '13800013974', 'user174@cpm.com', NULL, 'USER', 1, '2024-06-23 10:00:00', '2024-06-23 10:00:00', 0);
INSERT INTO `sys_user` VALUES (180, 'user175', 'e10adc3949ba59abbe56e057f20f883e', '用户175', '13800013975', 'user175@cpm.com', NULL, 'USER', 1, '2024-06-24 10:00:00', '2024-06-24 10:00:00', 0);
INSERT INTO `sys_user` VALUES (181, 'user176', 'e10adc3949ba59abbe56e057f20f883e', '用户176', '13800013976', 'user176@cpm.com', NULL, 'USER', 1, '2024-06-25 10:00:00', '2024-06-25 10:00:00', 0);
INSERT INTO `sys_user` VALUES (182, 'user177', 'e10adc3949ba59abbe56e057f20f883e', '用户177', '13800013977', 'user177@cpm.com', NULL, 'USER', 1, '2024-06-26 10:00:00', '2024-06-26 10:00:00', 0);
INSERT INTO `sys_user` VALUES (183, 'user178', 'e10adc3949ba59abbe56e057f20f883e', '用户178', '13800013978', 'user178@cpm.com', NULL, 'USER', 1, '2024-06-27 10:00:00', '2024-06-27 10:00:00', 0);
INSERT INTO `sys_user` VALUES (184, 'user179', 'e10adc3949ba59abbe56e057f20f883e', '用户179', '13800013979', 'user179@cpm.com', NULL, 'USER', 1, '2024-06-28 10:00:00', '2024-06-28 10:00:00', 0);
INSERT INTO `sys_user` VALUES (185, 'user180', 'e10adc3949ba59abbe56e057f20f883e', '用户180', '13800013980', 'user180@cpm.com', NULL, 'USER', 1, '2024-06-29 10:00:00', '2024-06-29 10:00:00', 0);
INSERT INTO `sys_user` VALUES (186, 'user181', 'e10adc3949ba59abbe56e057f20f883e', '用户181', '13800013981', 'user181@cpm.com', NULL, 'USER', 1, '2024-06-30 10:00:00', '2024-06-30 10:00:00', 0);
INSERT INTO `sys_user` VALUES (187, 'user182', 'e10adc3949ba59abbe56e057f20f883e', '用户182', '13800013982', 'user182@cpm.com', NULL, 'USER', 1, '2024-07-01 10:00:00', '2024-07-01 10:00:00', 0);
INSERT INTO `sys_user` VALUES (188, 'user183', 'e10adc3949ba59abbe56e057f20f883e', '用户183', '13800013983', 'user183@cpm.com', NULL, 'USER', 1, '2024-07-02 10:00:00', '2024-07-02 10:00:00', 0);
INSERT INTO `sys_user` VALUES (189, 'user184', 'e10adc3949ba59abbe56e057f20f883e', '用户184', '13800013984', 'user184@cpm.com', NULL, 'USER', 1, '2024-07-03 10:00:00', '2024-07-03 10:00:00', 0);
INSERT INTO `sys_user` VALUES (190, 'user185', 'e10adc3949ba59abbe56e057f20f883e', '用户185', '13800013985', 'user185@cpm.com', NULL, 'USER', 1, '2024-07-04 10:00:00', '2024-07-04 10:00:00', 0);
INSERT INTO `sys_user` VALUES (191, 'user186', 'e10adc3949ba59abbe56e057f20f883e', '用户186', '13800013986', 'user186@cpm.com', NULL, 'USER', 1, '2024-07-05 10:00:00', '2024-07-05 10:00:00', 0);
INSERT INTO `sys_user` VALUES (192, 'user187', 'e10adc3949ba59abbe56e057f20f883e', '用户187', '13800013987', 'user187@cpm.com', NULL, 'USER', 1, '2024-07-06 10:00:00', '2024-07-06 10:00:00', 0);
INSERT INTO `sys_user` VALUES (193, 'user188', 'e10adc3949ba59abbe56e057f20f883e', '用户188', '13800013988', 'user188@cpm.com', NULL, 'USER', 1, '2024-07-07 10:00:00', '2024-07-07 10:00:00', 0);
INSERT INTO `sys_user` VALUES (194, 'user189', 'e10adc3949ba59abbe56e057f20f883e', '用户189', '13800013989', 'user189@cpm.com', NULL, 'USER', 1, '2024-07-08 10:00:00', '2024-07-08 10:00:00', 0);
INSERT INTO `sys_user` VALUES (195, 'user190', 'e10adc3949ba59abbe56e057f20f883e', '用户190', '13800013990', 'user190@cpm.com', NULL, 'USER', 1, '2024-07-09 10:00:00', '2024-07-09 10:00:00', 0);
INSERT INTO `sys_user` VALUES (196, 'user191', 'e10adc3949ba59abbe56e057f20f883e', '用户191', '13800013991', 'user191@cpm.com', NULL, 'USER', 1, '2024-07-10 10:00:00', '2024-07-10 10:00:00', 0);
INSERT INTO `sys_user` VALUES (197, 'user192', 'e10adc3949ba59abbe56e057f20f883e', '用户192', '13800013992', 'user192@cpm.com', NULL, 'USER', 1, '2024-07-11 10:00:00', '2024-07-11 10:00:00', 0);
INSERT INTO `sys_user` VALUES (198, 'user193', 'e10adc3949ba59abbe56e057f20f883e', '用户193', '13800013993', 'user193@cpm.com', NULL, 'USER', 1, '2024-07-12 10:00:00', '2024-07-12 10:00:00', 0);
INSERT INTO `sys_user` VALUES (199, 'user194', 'e10adc3949ba59abbe56e057f20f883e', '用户194', '13800013994', 'user194@cpm.com', NULL, 'USER', 1, '2024-07-13 10:00:00', '2024-07-13 10:00:00', 0);
INSERT INTO `sys_user` VALUES (200, 'user195', 'e10adc3949ba59abbe56e057f20f883e', '用户195', '13800013995', 'user195@cpm.com', NULL, 'USER', 1, '2024-07-14 10:00:00', '2024-07-14 10:00:00', 0);
INSERT INTO `sys_user` VALUES (201, 'user196', 'e10adc3949ba59abbe56e057f20f883e', '用户196', '13800013996', 'user196@cpm.com', NULL, 'USER', 1, '2024-07-15 10:00:00', '2024-07-15 10:00:00', 0);
INSERT INTO `sys_user` VALUES (202, 'user197', 'e10adc3949ba59abbe56e057f20f883e', '用户197', '13800013997', 'user197@cpm.com', NULL, 'USER', 1, '2024-07-16 10:00:00', '2024-07-16 10:00:00', 0);
INSERT INTO `sys_user` VALUES (203, 'user198', 'e10adc3949ba59abbe56e057f20f883e', '用户198', '13800013998', 'user198@cpm.com', NULL, 'USER', 1, '2024-07-17 10:00:00', '2024-07-17 10:00:00', 0);
INSERT INTO `sys_user` VALUES (204, 'user199', 'e10adc3949ba59abbe56e057f20f883e', '用户199', '13800013999', 'user199@cpm.com', NULL, 'USER', 1, '2024-07-18 10:00:00', '2024-07-18 10:00:00', 0);
INSERT INTO `sys_user` VALUES (205, 'user200', 'e10adc3949ba59abbe56e057f20f883e', '用户200', '13800014000', 'user200@cpm.com', NULL, 'USER', 1, '2024-07-19 10:00:00', '2024-07-19 10:00:00', 0);
INSERT INTO `sys_user` VALUES (206, 'user201', 'e10adc3949ba59abbe56e057f20f883e', '用户201', '13800014001', 'user201@cpm.com', NULL, 'USER', 1, '2024-07-20 10:00:00', '2024-07-20 10:00:00', 0);
INSERT INTO `sys_user` VALUES (207, 'user202', 'e10adc3949ba59abbe56e057f20f883e', '用户202', '13800014002', 'user202@cpm.com', NULL, 'USER', 1, '2024-07-21 10:00:00', '2024-07-21 10:00:00', 0);
INSERT INTO `sys_user` VALUES (208, 'user203', 'e10adc3949ba59abbe56e057f20f883e', '用户203', '13800014003', 'user203@cpm.com', NULL, 'USER', 1, '2024-07-22 10:00:00', '2024-07-22 10:00:00', 0);
INSERT INTO `sys_user` VALUES (209, 'user204', 'e10adc3949ba59abbe56e057f20f883e', '用户204', '13800014004', 'user204@cpm.com', NULL, 'USER', 1, '2024-07-23 10:00:00', '2024-07-23 10:00:00', 0);
INSERT INTO `sys_user` VALUES (210, 'user205', 'e10adc3949ba59abbe56e057f20f883e', '用户205', '13800014005', 'user205@cpm.com', NULL, 'USER', 1, '2024-07-24 10:00:00', '2024-07-24 10:00:00', 0);
INSERT INTO `sys_user` VALUES (211, 'user206', 'e10adc3949ba59abbe56e057f20f883e', '用户206', '13800014006', 'user206@cpm.com', NULL, 'USER', 1, '2024-07-25 10:00:00', '2024-07-25 10:00:00', 0);
INSERT INTO `sys_user` VALUES (212, 'user207', 'e10adc3949ba59abbe56e057f20f883e', '用户207', '13800014007', 'user207@cpm.com', NULL, 'USER', 1, '2024-07-26 10:00:00', '2024-07-26 10:00:00', 0);
INSERT INTO `sys_user` VALUES (213, 'user208', 'e10adc3949ba59abbe56e057f20f883e', '用户208', '13800014008', 'user208@cpm.com', NULL, 'USER', 1, '2024-07-27 10:00:00', '2024-07-27 10:00:00', 0);
INSERT INTO `sys_user` VALUES (214, 'user209', 'e10adc3949ba59abbe56e057f20f883e', '用户209', '13800014009', 'user209@cpm.com', NULL, 'USER', 1, '2024-07-28 10:00:00', '2024-07-28 10:00:00', 0);
INSERT INTO `sys_user` VALUES (215, 'user210', 'e10adc3949ba59abbe56e057f20f883e', '用户210', '13800014010', 'user210@cpm.com', NULL, 'USER', 1, '2024-07-29 10:00:00', '2024-07-29 10:00:00', 0);
INSERT INTO `sys_user` VALUES (216, 'user211', 'e10adc3949ba59abbe56e057f20f883e', '用户211', '13800014011', 'user211@cpm.com', NULL, 'USER', 1, '2024-07-30 10:00:00', '2024-07-30 10:00:00', 0);
INSERT INTO `sys_user` VALUES (217, 'user212', 'e10adc3949ba59abbe56e057f20f883e', '用户212', '13800014012', 'user212@cpm.com', NULL, 'USER', 1, '2024-07-31 10:00:00', '2024-07-31 10:00:00', 0);
INSERT INTO `sys_user` VALUES (218, 'user213', 'e10adc3949ba59abbe56e057f20f883e', '用户213', '13800014013', 'user213@cpm.com', NULL, 'USER', 1, '2024-08-01 10:00:00', '2024-08-01 10:00:00', 0);
INSERT INTO `sys_user` VALUES (219, 'user214', 'e10adc3949ba59abbe56e057f20f883e', '用户214', '13800014014', 'user214@cpm.com', NULL, 'USER', 1, '2024-08-02 10:00:00', '2024-08-02 10:00:00', 0);
INSERT INTO `sys_user` VALUES (220, 'user215', 'e10adc3949ba59abbe56e057f20f883e', '用户215', '13800014015', 'user215@cpm.com', NULL, 'USER', 1, '2024-08-03 10:00:00', '2024-08-03 10:00:00', 0);
INSERT INTO `sys_user` VALUES (221, 'user216', 'e10adc3949ba59abbe56e057f20f883e', '用户216', '13800014016', 'user216@cpm.com', NULL, 'USER', 1, '2024-08-04 10:00:00', '2024-08-04 10:00:00', 0);
INSERT INTO `sys_user` VALUES (222, 'user217', 'e10adc3949ba59abbe56e057f20f883e', '用户217', '13800014017', 'user217@cpm.com', NULL, 'USER', 1, '2024-08-05 10:00:00', '2024-08-05 10:00:00', 0);
INSERT INTO `sys_user` VALUES (223, 'user218', 'e10adc3949ba59abbe56e057f20f883e', '用户218', '13800014018', 'user218@cpm.com', NULL, 'USER', 1, '2024-08-06 10:00:00', '2024-08-06 10:00:00', 0);
INSERT INTO `sys_user` VALUES (224, 'user219', 'e10adc3949ba59abbe56e057f20f883e', '用户219', '13800014019', 'user219@cpm.com', NULL, 'USER', 1, '2024-08-07 10:00:00', '2024-08-07 10:00:00', 0);
INSERT INTO `sys_user` VALUES (225, 'user220', 'e10adc3949ba59abbe56e057f20f883e', '用户220', '13800014020', 'user220@cpm.com', NULL, 'USER', 1, '2024-08-08 10:00:00', '2024-08-08 10:00:00', 0);
INSERT INTO `sys_user` VALUES (226, 'user221', 'e10adc3949ba59abbe56e057f20f883e', '用户221', '13800014021', 'user221@cpm.com', NULL, 'USER', 1, '2024-08-09 10:00:00', '2024-08-09 10:00:00', 0);
INSERT INTO `sys_user` VALUES (227, 'user222', 'e10adc3949ba59abbe56e057f20f883e', '用户222', '13800014022', 'user222@cpm.com', NULL, 'USER', 1, '2024-08-10 10:00:00', '2024-08-10 10:00:00', 0);
INSERT INTO `sys_user` VALUES (228, 'user223', 'e10adc3949ba59abbe56e057f20f883e', '用户223', '13800014023', 'user223@cpm.com', NULL, 'USER', 1, '2024-08-11 10:00:00', '2024-08-11 10:00:00', 0);
INSERT INTO `sys_user` VALUES (229, 'user224', 'e10adc3949ba59abbe56e057f20f883e', '用户224', '13800014024', 'user224@cpm.com', NULL, 'USER', 1, '2024-08-12 10:00:00', '2024-08-12 10:00:00', 0);
INSERT INTO `sys_user` VALUES (230, 'user225', 'e10adc3949ba59abbe56e057f20f883e', '用户225', '13800014025', 'user225@cpm.com', NULL, 'USER', 1, '2024-08-13 10:00:00', '2024-08-13 10:00:00', 0);
INSERT INTO `sys_user` VALUES (231, 'user226', 'e10adc3949ba59abbe56e057f20f883e', '用户226', '13800014026', 'user226@cpm.com', NULL, 'USER', 1, '2024-08-14 10:00:00', '2024-08-14 10:00:00', 0);
INSERT INTO `sys_user` VALUES (232, 'user227', 'e10adc3949ba59abbe56e057f20f883e', '用户227', '13800014027', 'user227@cpm.com', NULL, 'USER', 1, '2024-08-15 10:00:00', '2024-08-15 10:00:00', 0);
INSERT INTO `sys_user` VALUES (233, 'user228', 'e10adc3949ba59abbe56e057f20f883e', '用户228', '13800014028', 'user228@cpm.com', NULL, 'USER', 1, '2024-08-16 10:00:00', '2024-08-16 10:00:00', 0);
INSERT INTO `sys_user` VALUES (234, 'user229', 'e10adc3949ba59abbe56e057f20f883e', '用户229', '13800014029', 'user229@cpm.com', NULL, 'USER', 1, '2024-08-17 10:00:00', '2024-08-17 10:00:00', 0);
INSERT INTO `sys_user` VALUES (235, 'user230', 'e10adc3949ba59abbe56e057f20f883e', '用户230', '13800014030', 'user230@cpm.com', NULL, 'USER', 1, '2024-08-18 10:00:00', '2024-08-18 10:00:00', 0);
INSERT INTO `sys_user` VALUES (236, 'user231', 'e10adc3949ba59abbe56e057f20f883e', '用户231', '13800014031', 'user231@cpm.com', NULL, 'USER', 1, '2024-08-19 10:00:00', '2024-08-19 10:00:00', 0);
INSERT INTO `sys_user` VALUES (237, 'user232', 'e10adc3949ba59abbe56e057f20f883e', '用户232', '13800014032', 'user232@cpm.com', NULL, 'USER', 1, '2024-08-20 10:00:00', '2024-08-20 10:00:00', 0);
INSERT INTO `sys_user` VALUES (238, 'user233', 'e10adc3949ba59abbe56e057f20f883e', '用户233', '13800014033', 'user233@cpm.com', NULL, 'USER', 1, '2024-08-21 10:00:00', '2024-08-21 10:00:00', 0);
INSERT INTO `sys_user` VALUES (239, 'user234', 'e10adc3949ba59abbe56e057f20f883e', '用户234', '13800014034', 'user234@cpm.com', NULL, 'USER', 1, '2024-08-22 10:00:00', '2024-08-22 10:00:00', 0);
INSERT INTO `sys_user` VALUES (240, 'user235', 'e10adc3949ba59abbe56e057f20f883e', '用户235', '13800014035', 'user235@cpm.com', NULL, 'USER', 1, '2024-08-23 10:00:00', '2024-08-23 10:00:00', 0);
INSERT INTO `sys_user` VALUES (241, 'user236', 'e10adc3949ba59abbe56e057f20f883e', '用户236', '13800014036', 'user236@cpm.com', NULL, 'USER', 1, '2024-08-24 10:00:00', '2024-08-24 10:00:00', 0);
INSERT INTO `sys_user` VALUES (242, 'user237', 'e10adc3949ba59abbe56e057f20f883e', '用户237', '13800014037', 'user237@cpm.com', NULL, 'USER', 1, '2024-08-25 10:00:00', '2024-08-25 10:00:00', 0);
INSERT INTO `sys_user` VALUES (243, 'user238', 'e10adc3949ba59abbe56e057f20f883e', '用户238', '13800014038', 'user238@cpm.com', NULL, 'USER', 1, '2024-08-26 10:00:00', '2024-08-26 10:00:00', 0);
INSERT INTO `sys_user` VALUES (244, 'user239', 'e10adc3949ba59abbe56e057f20f883e', '用户239', '13800014039', 'user239@cpm.com', NULL, 'USER', 1, '2024-08-27 10:00:00', '2024-08-27 10:00:00', 0);
INSERT INTO `sys_user` VALUES (245, 'user240', 'e10adc3949ba59abbe56e057f20f883e', '用户240', '13800014040', 'user240@cpm.com', NULL, 'USER', 1, '2024-08-28 10:00:00', '2024-08-28 10:00:00', 0);
INSERT INTO `sys_user` VALUES (246, 'user241', 'e10adc3949ba59abbe56e057f20f883e', '用户241', '13800014041', 'user241@cpm.com', NULL, 'USER', 1, '2024-08-29 10:00:00', '2024-08-29 10:00:00', 0);
INSERT INTO `sys_user` VALUES (247, 'user242', 'e10adc3949ba59abbe56e057f20f883e', '用户242', '13800014042', 'user242@cpm.com', NULL, 'USER', 1, '2024-08-30 10:00:00', '2024-08-30 10:00:00', 0);
INSERT INTO `sys_user` VALUES (248, 'user243', 'e10adc3949ba59abbe56e057f20f883e', '用户243', '13800014043', 'user243@cpm.com', NULL, 'USER', 1, '2024-08-31 10:00:00', '2024-08-31 10:00:00', 0);
INSERT INTO `sys_user` VALUES (249, 'user244', 'e10adc3949ba59abbe56e057f20f883e', '用户244', '13800014044', 'user244@cpm.com', NULL, 'USER', 1, '2024-09-01 10:00:00', '2024-09-01 10:00:00', 0);
INSERT INTO `sys_user` VALUES (250, 'user245', 'e10adc3949ba59abbe56e057f20f883e', '用户245', '13800014045', 'user245@cpm.com', NULL, 'USER', 1, '2024-09-02 10:00:00', '2024-09-02 10:00:00', 0);

SET FOREIGN_KEY_CHECKS = 1;
